"id"	"name"	"thai_name"	"english_name"	"created_time"	"domain_id"	"category_id"
1	"Starbucks"	"สตาร์บัคส์"	"Starbucks"	"2012-04-23 11:04:20"	1	14
2	"Chabuton"	"ชาบูตง"	"Chabuton"	"2012-04-26 14:29:12"	1	30
3	"Swensen's"	"สเวนเซ่น"	"Swensen's"	"2012-04-27 17:53:05"	1	25
5	"มารุกาเมะ เซเมง"	"มารุกาเมะ เซเมง"	"Marugame Seimen"	"2012-05-11 18:44:55"	1	2
8	"Pepper Lunch"	"เปปเปอร์ ลันช์"	"Pepper Lunch"	"2012-05-29 13:11:56"	1	38
10	"Mister Donut"	"มิสเตอร์ โดนัท"	"Mister Donut"	"2012-05-29 18:27:30"	1	24
11	"Auntie Anne's"	"อานตี้ แอนส์"	"Auntie Anne's"	"2012-05-29 18:38:27"	1	24
12	"Yayoi"	"ยาโยอิ"	"Yayoi"	"2012-05-29 18:41:24"	1	30
13	"HOT POT INTER BUFFET"	"ฮอตพ็อต อินเตอร์ บุฟเฟ่ต์"	"Hotpot"	"2012-05-29 18:47:17"	1	20
15	"HOT POT PRESTIGE"	"ฮอตพ็อต เพลสทีจ"	"HOT POT PRESTIGE"	"2012-06-06 18:22:08"	1	20
18	"HOT POT - DAIDOMON"	"ฮอตพ็อต ไดโดม่อน"	"HOT POT - DAIDOMON"	"2012-06-06 18:40:15"	1	20
19	"Sumi Seafood Buffet"	"ซูมิ ซีฟู๊ด บุฟเฟ่"	"Sumi Seafood Buffet"	"2012-06-08 14:19:25"	1	43
20	"wine loft "	"ไวน์ลอฟ"	"wine loft "	"2012-07-09 17:56:37"	1	22
21	"Daisho Sushi"	"ไดโซะ ซูชิ"	"Dhisho Sushi"	"2012-07-11 15:05:31"	1	2
22	"FUMi JAPANESE CUISINE"	"ร้านอาหารญี่ปุ่นฟูมิ"	"FUMI JAPANESE CUISINE"	"2012-07-13 17:49:33"	1	2
23	"Miyabi"	"มิยาบิ"	"Miyabi"	"2012-07-13 17:59:06"	1	43
24	"Coco Ichibanya"	"โคโค่ อิชิบันย่า"	"Coco Ichibanya"	"2012-07-16 12:29:27"	1	24
26	"Neo Suki"	"นีโอสุกี้"	"Neo Suki"	"2012-07-23 17:02:27"	1	20
29	"ต้าหลง"	"ต้าหลง"	"Talhong"	"2012-09-03 15:40:03"	1	4
30	"DAKASI"	"ดาคาซี่"	"DAKASI"	"2012-09-11 16:24:10"	1	21
31	"Zaap Classic"	"แซ่บ คลาสสิค"	"Zaap Classic"	"2012-09-17 15:48:34"	1	34
32	"Cold Stone Creamery"	"โคลด์ สโตน ครีมเมอรี่"	"Cold Stone Creamery"	"2012-09-27 11:46:47"	1	25
33	"MoshiMoshi"	"โมชิ โมชิ"	"MoshiMoshi"	"2012-11-09 17:42:39"	1	43
34	"McDonald's"	"แมคโดนัลด์"	"McDonald's"	"2012-11-16 14:29:50"	1	28
35	"The Pizza Company"	"เดอะพิซซ่าคอมปะนี"	"The Pizza Company"	"2012-11-16 14:29:51"	1	42
36	"Pizza Hut"	"พิซซ่าฮัท"	"Pizza Hut"	"2012-11-16 14:29:51"	1	42
37	"Narai Pizzeria"	"นารายณ์พิซเซอเรีย"	"Narai Pizzeria"	"2012-11-16 14:29:51"	1	42
38	"KFC"	"เคเอฟซี"	"KFC"	"2012-11-16 14:29:51"	1	28
40	"Chester's Grill"	"เชสเตอร์กริลล์"	"Chester's Grill"	"2012-11-16 14:29:51"	1	28
41	"Burger King"	"เบอร์เกอร์คิง"	"Burger King"	"2012-11-16 14:29:51"	1	28
42	"A&W"	"เอแอนด์ดับบลิว"	"A&W"	"2012-11-16 14:29:51"	1	24
45	"Subway"	"ซับเวย์"	"Subway"	"2012-11-16 14:29:51"	1	28
46	"Coffee World"	"คอฟฟี่เวิลด์"	"Coffee World"	"2012-11-16 14:29:51"	1	14
47	"Au Bon Pain"	"โอ บอง แปง"	"Au Bon Pain"	"2012-11-16 14:29:51"	1	24
48	"Black Canyon"	"แบล็คแคนยอน"	"Black Canyon"	"2012-11-16 14:29:51"	1	14
49	"Baskin Robbins"	"บาสกิ้นร้อบบิ้นส์"	"Baskin Robbins"	"2012-11-16 14:29:51"	1	25
51	"Bud"	"บัด"	"Bud"	"2012-11-16 14:29:51"	1	25
54	"Mrs. Fields"	"มิสซิสฟิลด์"	"Mrs. Fields"	"2012-11-16 14:29:51"	1	24
55	"ขนมบ้านอัยการ"	"ขนมบ้านอัยการ"	"Kanom-bann-aiyakarn"	"2012-11-16 14:29:51"	1	24
56	"Yamazaki"	"ยามาซากิ"	"Yamazaki"	"2012-11-16 14:29:51"	1	24
57	"Gateaux House"	"กาโตว์ เฮ้าส์"	"Gateaux House"	"2012-11-16 14:29:51"	1	24
58	"S&P Bakery"	"เอสแอนด์พีเบกอรี่"	"S&P Bakery"	"2012-11-16 14:29:51"	1	24
60	"บ้านใร่กาแฟ"	"บ้านใร่กาแฟ"	"jiangfishballs"	"2012-11-16 14:29:51"	1	14
61	"94 coffee"	"94 คอฟฟี่"	"94 coffee"	"2012-11-16 14:29:51"	1	14
62	"COFFEE BOY"	"คอฟฟี่บอย"	"COFFEE BOY"	"2012-11-16 14:29:51"	1	14
63	"Cafe' Amazon"	"คาเฟ่อเมซอน"	"Cafe' Amazon"	"2012-11-16 14:29:51"	1	14
64	"D'Oro"	"ดีโอโร่"	"D'Oro"	"2012-11-16 14:29:51"	1	14
66	"Cafe' Doitung"	"คาเฟ่ดอยตุง"	"Cafe' Doitung"	"2012-11-16 14:29:51"	1	14
68	"Chaodoi Coffee"	"กาแฟสดชาวดอย"	"Chaodoi Coffee"	"2012-11-16 14:29:51"	1	14
69	"Coffee Today"	"คอฟฟี่ทูเดย์"	"Coffee Today"	"2012-11-16 14:29:51"	1	14
70	"Mezzo"	"เมซโซ่"	"Mezzo"	"2012-11-16 14:29:51"	1	14
71	"Rabika Coffee"	"ราบิก้าคอฟฟี่"	"Rabika Coffee"	"2012-11-16 14:29:51"	1	14
72	"Inthanin Coffee"	"อินทนิลคอฟฟี่"	"Inthanin Coffee"	"2012-11-16 14:29:51"	1	14
73	"MK"	"เอ็มเคสุกี้"	"MK"	"2012-11-16 14:29:51"	1	20
74	"Coca Suki"	"โคคาสุกี้"	"Coca Suki"	"2012-11-16 14:29:51"	1	20
75	"S&P"	"เอสแอนด์พี"	"S&P"	"2012-11-16 14:29:51"	1	13
76	"Bar B Q Plaza"	"บาร์บีคิวพลาซ่า"	"Bar B Q Plaza"	"2012-11-16 14:29:51"	1	43
77	"Joom Zap Hut"	"จุ่มแซบฮัท"	"Joom Zap Hut"	"2012-11-16 14:29:51"	1	20
78	"Sizzler"	"ซิซซ์เล่อร์"	"Sizzler"	"2012-11-16 14:29:51"	1	35
79	"Little home"	"ลิตเติลโฮม"	"Little home"	"2012-11-16 14:29:51"	1	24
80	"Seefah"	"สีฟ้า"	"Seefah"	"2012-11-16 14:29:51"	1	3
81	"13 COINS"	"13 เหรียญ"	"13 COINS"	"2012-11-16 14:29:51"	1	3
83	"Fuji"	"ฟูจิ"	"Fuji"	"2012-11-16 14:29:51"	1	2
84	"Oishi Buffet"	"โออิชิ บุฟเฟ่ต์"	"Oishi Buffet"	"2012-11-16 14:29:51"	1	2
86	"ZEN"	"เซน"	"ZEN"	"2012-11-16 14:29:51"	1	2
87	"Oishi Ramen"	"โออิชิ ราเมน"	"Oishi Ramen"	"2012-11-16 14:29:51"	1	2
88	"Banana Leaf"	"บานานา ลีฟ"	"Banana Leaf"	"2012-11-16 14:29:51"	1	21
90	"Hachiban Ramen"	"ฮะจิบัง ราเมน"	"Hachiban Ramen"	"2012-11-16 14:29:51"	1	2
93	"Steak Laos"	"สเต๊กลาว"	"Steak Laos"	"2012-11-16 14:29:51"	1	35
94	"Kourthai"	"ครัวไท"	"Kourthai"	"2012-11-16 14:29:51"	1	3
95	"Sakura"	"ซากุระ"	"Sakura"	"2012-11-16 14:29:51"	1	43
96	"Yum Saap"	"ยำแซ่บ"	"Yum Saap"	"2012-11-16 14:29:51"	1	3
97	"Sukishi"	"ซูกิชิ"	"Sukishi"	"2012-11-16 14:29:51"	1	20
98	"Shabushi"	"ชาบูชิ"	"Shabushi"	"2012-11-16 14:29:51"	1	20
100	"Waraporn Sarapao"	"วราภรณ์ซาลาเปา"	"Waraporn Sarapao"	"2012-11-16 14:29:51"	1	4
101	"Thasiam"	"ก๋วยเตี๋ยวเรือท่าสยาม"	"Thasiam"	"2012-11-16 14:29:51"	1	30
102	"Chokdee Dimsum"	"โชคดีติ่มซำ"	"Chokdee Dimsum"	"2012-11-16 14:29:51"	1	4
103	"Yentafo"	"เย็นตาโฟเครื่องทรง"	"Yentafo"	"2012-11-16 14:29:51"	1	30
104	"เจียงลูกชิ้นปลา"	"เจียงลูกชิ้นปลา"	"jiangfishballs"	"2012-11-16 14:29:51"	1	30
105	"Santafe Steak"	"ซานตา เฟ่ สเต็ก"	"Santafe Steak"	"2012-11-16 14:29:51"	1	35
107	"Secret Recipe"	"ซีเคร็ท เรซิพี"	"Secret Recipe"	"2012-11-16 14:29:51"	1	5
108	"Nobu Shabu"	"โนบุชาบู"	"Nobu Shabu"	"2012-11-16 14:29:51"	1	20
109	"Dunkin' Donuts"	"ดังกิ้นโดนัท"	"Dunkin' Donuts"	"2012-11-16 14:40:48"	1	23
110	"AKA"	"อากะ"	"AKA"	"2012-11-16 14:51:10"	1	43
111	"OOTOYA"	"โอโตยะ"	"OOTOYA"	"2012-12-10 13:34:39"	1	2
112	"กาแฟสด กินเส้น "	"กาแฟสด กินเส้น "	"Kinsen"	"2013-01-31 11:06:44"	1	14
113	"April’s Bakery"	"เอพลิว เบเกอร์รี่"	"April’s Bakery"	"2013-02-04 14:21:49"	1	23
114	"ช่อม่วง"	"ช่อม่วง"	"CHO MUANG "	"2013-02-06 18:38:09"	1	3
115	"อิวาไอเมะ"	"อิวาไอเมะ"	"Evaime"	"2013-02-06 19:07:45"	1	20
116	"Katsu King"	"คัตสึ คิง"	"Katsu King"	"2013-02-07 11:50:09"	1	2
118	"Kanemochi"	"คาเนะโมจิ "	"Kanemochi"	"2013-02-19 12:43:53"	1	23
119	"Parferio by S'free"	"พาร์เฟอริโอ บาย สฟรี"	"Parferio by S'free"	"2013-02-19 13:41:13"	1	23
124	"Dakasi"	"ดาคาซี่"	"Dakasi"	"2013-02-19 16:54:41"	1	21
128	"Alahcus"	"อลาคัส"	"Alahcus"	"2013-03-04 00:35:27"	1	25
129	"kuu"	"กรู"	"kuu"	"2013-03-28 15:35:33"	1	2
130	"SUSHI DEN"	"ซูชิ ​เด็น"	"SUSHI DEN"	"2013-04-04 11:03:58"	1	2
132	"Cafe Kaldi"	"คาเฟ่คาลดี้"	"Cafe Kaldi"	"2013-04-10 09:11:50"	1	14
133	"Kansai Yakitori&nabe"	"คันไซ"	"Kansai Yakitori&nabe"	"2013-05-09 16:49:25"	1	2
134	"แสนแซ่บ"	"แสนแซ่บ"	"sansab"	"2013-06-07 16:51:24"	1	34
135	"เนื้อตุ๋นจักรเพ็ชร"	"เนื้อตุ๋นจักรเพ็ชร"	"Nua Toon Jak Petch"	"2013-06-10 16:16:00"	1	30
136	"มองบลังค์"	"มองบลังค์"	"Mont Blanc"	"2013-06-26 17:02:38"	1	23
140	"Kimju"	"คิมจู"	"Kimju"	"2013-07-12 11:20:10"	1	6
141	"King Kong"	"คิงคอง บุฟเฟต์"	"King Kong"	"2013-08-16 18:47:50"	1	11
142	"Chaho"	"ชาโฮ"	"Chaho"	"2013-08-23 16:13:00"	1	21
143	"Chounan"	"โชวนัน"	"ChouNan"	"2013-08-23 16:39:58"	1	2
144	"Cupcake Love"	"คัพเค้ก เลิฟ"	"Cupcake Love"	"2013-09-10 01:10:04"	1	24
145	"บ้านหญิง"	"บ้านหญิง"	"Baanying"	"2013-10-01 00:19:05"	1	3
146	"Sushi Masa"	"ซูชิ มาสะ"	"Sushi Masa"	"2013-10-01 00:46:17"	1	2
148	"Bake a wish Japanese Homemade Cake"	"เบค อะ วิช เจแปนนิส โฮมเมด เค้ก"	"Bake a wish Japanese Homemade Cake"	"2014-01-31 14:41:24"	1	23
149	"Yenly Yours"	"เยลลี่ ยัวร์"	"Yenly Yours"	"2014-01-31 15:37:03"	1	21
150	"Lau San Dong"	"เหลา ซาน ตง"	"Lau San Dong"	"2014-01-31 17:00:27"	1	4
151	"Gyu-Kaku Japanese BBQ"	"กิวคาขุ"	"Gyu-Kaku Japanese BBQ"	"2014-02-08 08:49:36"	1	43
152	"Tadaima - Real Japanese Restaurant & Izakaya"	"ทาไดมะ "	"Tadaima"	"2014-02-09 04:53:29"	1	2
153	"Kaizen Sushi & Hibachi "	"ไคเซน ซูชิ แอนด์ ฮาบาชิ"	"Kaizen Sushi & Hibachi "	"2014-02-10 13:17:31"	1	45
154	"Maisen"	"ไมเซน"	"Maisen"	"2014-02-10 14:16:48"	1	2
156	"MEEJAKIN มีจะกิน"	"มีจะกิน"	"MEEJAKIN"	"2014-02-11 00:58:02"	1	3
157	"Daikori Ice"	"ไดโคริ"	"Daikori Ice"	"2014-02-11 01:43:02"	1	25
158	"คั่วกลิ้ง+ผักสด "	"คั่วกลิ้ง+ผักสด "	"KHUA KLING PAK SOD "	"2014-02-11 13:40:44"	1	36
160	"Omu Japanese omurice & cafe"	"โอมุ"	"Omu Japanese omurice & cafe"	"2014-02-16 21:32:25"	1	14
161	"Costa Coffee"	"คอสต้า คอฟฟี่"	"Costa Coffee"	"2014-02-16 22:16:52"	1	14
162	"ทวีชัย โภชนา Thavichai Phochana"	"ทวีชัย โภชนา"	"Thavichai Phochana"	"2014-02-16 22:44:49"	1	3
164	"Mr. Jones' Orphanage"	""	"Mr. Jones' Orphanage"	"2014-02-18 10:35:09"	1	14
165	"Viet Cuisine"	"เวียตคูซีน"	"Viet Cuisine"	"2014-02-18 14:34:13"	1	7
167	"Coffee Gallery"	"คอฟฟี่ แกลอรี่"	"Coffee Gallery"	"2014-02-18 15:05:22"	1	14
168	"Mix Restaurant & Bar"	"มิกซ์เรสทัวรองแอนด์บาร์"	"Mix Restaurant & Bar"	"2014-02-18 15:33:22"	1	13
169	"HAP de NOUS"	"แฮป เดอ นู"	"HAP de NOUS"	"2014-02-18 15:36:45"	1	13
171	"Crepes & Co"	"เครปส์ แอนด์ โค"	"Crepes & Co"	"2014-02-18 17:24:40"	1	14
172	"ODDS ROCK & STEAK"	"อ๊อดร็อคสเต็ก"	"ODDS ROCK & STEAK"	"2014-02-19 16:10:47"	1	35
174	"Taruto Ginza Dessert Cafe'"	"ทารุโตะ"	"Taruto Ginza Dessert Cafe'"	"2014-02-20 00:03:00"	1	24
175	"Mo-Mo-Paradise"	"โมโม พาราไดซ์"	"Mo-Mo-Paradise"	"2014-02-20 16:10:25"	1	20
176	"On The Table"	"ออน เดอะ เทเบื้ล"	"On The Table"	"2014-02-21 12:34:59"	1	13
177	"สามเสนวิลล่า"	"สามเสนวิลล่า"	"Samsen Villa"	"2014-02-21 16:57:23"	1	3
178	"Eat Viet"	"อีท เวียด"	"Eat Viet"	"2014-02-21 17:27:29"	1	7
179	"Saboten"	"ซาโบเต็น"	"Saboten"	"2014-02-21 18:05:10"	1	2
180	"Billion Beef"	""	"Billion Beef"	"2014-02-21 21:30:26"	1	30
181	"Farm Design"	""	"Farm Design"	"2014-02-21 22:01:22"	1	14
182	"Kobashi Tokyo Pasta"	"โคบาชิ โตเกียว พาสต้า"	"Kobashi Tokyo Pasta"	"2014-02-22 00:52:52"	1	2
183	"Mrs. Balbir's Indian Cuisine"	"มิสซิสบาลเบียร์ส อินเดียน คูซีน"	"Mrs. Balbir's Indian Cuisine"	"2014-02-24 18:54:08"	1	10
185	"Scoozi"	"สกู๊ดซี่"	"Scoozi"	"2014-02-25 15:02:33"	1	42
186	"คำพูน"	"คำพูน"	"Khumpoon"	"2014-02-25 15:51:07"	1	34
187	"Honmono Sushi"	"ฮอนโมโน ซูชิ"	"Honmono Sushi"	"2014-02-25 16:11:54"	1	2
189	"BarItalia by gie gie"	"บาร์อิตาเลีย บาย จีจี้"	"BarItalia by gie gie"	"2014-02-25 19:30:30"	1	5
190	"NIKUYA"	"นิคุยะ"	"NIKUYA"	"2014-02-26 15:33:24"	1	43
192	"Kakashi By Oishi"	"คาคาชิ บาย โออิชิ"	"Kakashi By Oishi"	"2014-02-26 18:15:21"	1	2
194	"Kopitiam "	"โกปี่เตี่ยม"	"Kopitiam "	"2014-02-28 01:50:08"	1	14
196	"Xpress Teppanyaki"	"เอ็กซ์เพรส เทปปันยากิ"	"Xpress Teppanyaki"	"2014-03-05 11:23:29"	1	43
197	"Hongmin"	"ฮองมิน"	"Hongmin"	"2014-03-05 15:30:44"	1	4
198	"ตะลิงปลิง"	"ตะลิงปลิง"	"Ta Ling Pling"	"2014-03-06 14:18:14"	1	36
200	"TOOK LAE DEE"	"ฟู้ดแลนด์ ถูกและดี"	"TOOK LAE DEE"	"2014-03-07 11:25:53"	1	33
201	"Water Library"	"วอเตอร์ ไลบรารี่"	"Water Library"	"2014-03-13 16:34:12"	1	16
203	"Mellow Restaurant & Bar"	"เมลโล่ เรสเตอรองท์ แอนด์ บาร์"	"Mellow Restaurant & Bar"	"2014-03-17 17:52:41"	1	22
204	"Gyuma Japanese BBQ"	"กิวมะ เจแปนนีส บีบีคิว"	"Gyuma Japanese BBQ"	"2014-03-20 14:18:07"	1	43
205	"Bangkok Burger Co."	"บางกอก เบอร์เกอร์ โค."	"Bangkok Burger Co."	"2014-03-20 14:28:58"	1	28
206	"Mama Do By เธอ"	"มาม่าดูบายเธอ"	"Mama Do By Ther"	"2014-03-21 17:24:21"	1	20
211	"Kin Japanese Buffet & Ramen"	"คิน เจแปนนิส บุฟเฟต์ แอนด์ ราเมง"	"Kin Japanese Buffet & Ramen"	"2014-03-25 16:20:04"	1	11
212	"Aimm Cup Corner"	"เอม คัพ คอนเนอร์"	"Aimm Cup Corner"	"2014-03-25 16:29:04"	1	14
213	"Kin Sushi"	"คิน ซูชิ"	"Kin Sushi"	"2014-03-25 16:33:20"	1	45
214	"Kin Shabu"	"คิน ชาบู"	"Kin Shabu"	"2014-03-25 16:36:32"	1	20
215	"Kin Japanese Restaurant & Ramen"	"คิน เจแปนนิส เรสเทอรองค์ แอนด์ ราเมง"	"Kin Japanese Restaurant & Ramen"	"2014-03-25 16:39:30"	1	2
216	"นายเม้งบะหมี่ปู เกี๊ยวกุ้งยักษ์"	"นายเม้งบะหมี่ปู เกี๊ยวกุ้งยักษ์"	"NaiMeng"	"2014-03-27 16:55:30"	1	30
217	"Akiyoshi"	"อากิโยชิ"	"Akiyoshi"	"2014-03-27 17:07:44"	1	43
218	"iberry"	"ไอเบอร์รี่"	"iberry"	"2014-04-02 16:07:39"	1	25
219	"Mr Bean Coffee Shop"	"มิสเตอร์บีน คอฟฟี่"	"Mr Bean Coffee"	"2014-04-03 14:57:46"	1	14
220	"Greyhound Cafe"	"เกรย์ฮาวด์ คาเฟ่"	"Greyhound Cafe"	"2014-04-04 11:28:21"	1	13
221	"Sweet Hound"	"สวีท ฮาวด์"	"Sweet Hound"	"2014-04-04 11:34:39"	1	23
222	"Four Seasons Chinese Restaurant"	"โฟร์ ซีซั่น"	"Four Seasons Chinese Restaurant"	"2014-04-04 14:27:13"	1	4
223	"Tohkai Japanese Restaurant "	"โตไก เจแปนนิส เรสเทอรอง"	"Tohkai Japanese Restaurant "	"2014-04-10 16:26:52"	1	2
224	"FU.5 Coffee"	"ฟู ไฟว์ คอฟฟี่"	"FU.5 Coffee"	"2014-04-10 18:19:05"	1	14
225	"CoCo Fresh Tea & Juice "	""	"CoCo Fresh Tea & Juice "	"2014-04-11 15:14:20"	1	21
226	"Ramada Plaza Bangkok Menam Riverside"	"โรงแรมแม่น้ำ รามาดาพลาซา"	"Ramada Plaza Bangkok Menam Riverside"	"2014-04-11 16:31:29"	1	26
228	"Ochaya"	"โอชายะ"	"Ochaya"	"2014-04-11 18:36:06"	1	21
230	"Shibuya Shabu"	"ชิบูย่า ชาบู"	"Shibuya Shabu"	"2014-04-22 16:56:53"	1	2
231	"Nagiya"	"นากิยะ"	"Nagiya"	"2014-04-22 17:07:30"	1	2
232	"Dailycious Cafe"	""	"Dailycious Cafe"	"2014-04-28 11:58:40"	1	14
233	"แหลมเจริญซีฟู้ด"	"แหลมเจริญซีฟู้ด"	"๋Laem Charoen Seafood"	"2014-04-28 15:49:34"	1	29
234	"Peony House"	""	"Peony House"	"2014-04-28 19:03:09"	1	14
235	"ตำแหลก"	"ตำแหลก"	"tum laek"	"2014-04-29 16:21:37"	1	34
236	"Gloria Jean's coffees"	"กลอเรีย จีนส์ คอฟฟี่"	"Gloria Jean's coffees"	"2014-05-14 14:51:35"	1	14
237	"jim thompson restaurant and bar"	""	"jim thompson restaurant and bar"	"2014-05-20 11:25:29"	1	33
238	"Spaghetti Factory"	"สปาเก็ตตี้ แฟคทอรี่"	"Spaghetti Factory"	"2014-05-22 14:37:43"	1	5
239	"Dak Galbi"	"ทัคคาลบี้"	"Dak Galbi"	"2014-05-26 09:05:29"	1	6
240	"Royal Orchid Sheraton Hotel & Towers"	""	"Royal Orchid Sheraton Hotel & Towers"	"2014-05-26 14:21:06"	1	33
241	"Kyo Roll En"	"เคียว โร เอ็น"	"Kyo Roll En"	"2014-06-24 15:36:56"	1	25
251	"True Fitness"	"ทรู ฟิตเนส"	"True Fitness"	"2014-09-08 14:38:09"	2	100
253	"Prestige Hair"	"เพรสทีจ แฮร์"	"Prestige Hair"	"2014-09-08 14:38:09"	2	200
274	"Meranda Nagari"	"เมอรันด้า นาการี"	"Meranda Nagari"	"2014-09-08 14:38:09"	2	100
276	"Fitness First"	"ฟิตเนส เฟิรส์ท"	"Fitness First"	"2014-09-08 14:38:09"	2	1000
282	"MOS Dental Clinic"	"มอส เดนทอล คลินิก"	"MOS Dental Clinic"	"2014-09-08 14:38:09"	2	500
286	"Cense by SPA Cenvaree"	""	"Cense by SPA Cenvaree"	"2014-09-24 14:41:38"	2	300
317	"Meko Clinic"	"เมโกะ คลินิก"	"Meko Clinic"	"2014-10-01 09:59:21"	2	100
320	"Naturita Spa"	""	"Naturita Spa"	"2014-10-02 16:34:55"	2	0
325	"The oasis spa"	"ดิโอเอซิส"	""	"2014-10-08 17:09:58"	2	300
326	"Anastasia Beverly Hills"	"อนาสตาเซีย"	""	"2014-10-09 16:22:46"	2	400
327	"Healthland"	"เฮลท์แลนด์"	""	"2014-10-10 14:22:49"	2	401
332	"Spa Life "	""	""	"2014-10-20 13:39:15"	2	401
333	"Sushi Boy"	"ซูชิ บอย"	"Sushi Boy"	"2014-10-21 11:39:41"	1	45
334	"AI Japanese"	"อัย เจแปนนิส"	"AI Japanese"	"2014-10-21 11:50:48"	1	2
335	"Giants Yakiniku"	"ไจแอนท์ ยากินิกุ"	"Giants Yakiniku"	"2014-10-21 13:06:56"	1	43
336	"Hokkaido Tsubohachi"	"ฮอกไกโด สึโบฮาจิ"	"Hokkaido Tsubohachi"	"2014-10-21 18:23:15"	1	2
340	"Yuu Resturant"	"ยู เรสเทอรองค์"	"Yuu Resturant"	"2014-10-27 15:56:14"	1	6
348	"kasa"	"คาสะ"	"kasa"	"2014-12-01 19:17:02"	1	2
349	"Patisserie Mori Osaka"	"พาสตี้ซีรี่ โมริ โอซาก้า"	"Patisserie Mori Osaka"	"2014-12-01 19:41:37"	1	21
352	"You & I Suki Buffet"	"ยู แอนด์ ไอ สุกี้ บุฟเฟ่ต์"	"You & I Suki Buffet"	"2014-12-17 10:50:38"	1	20
359	"Great American Rib"	"เกรท อเมริกัน ริบ"	"Great American Rib"	"2014-12-25 20:23:37"	1	35
360	"Tudari"	"ทูดาริ"	"Tudari"	"2015-01-06 15:35:21"	1	20
361	"PANCAKE CAFE"	"แพนเค้ก คาเฟ่"	"Pancake cafe"	"2015-01-08 11:03:37"	1	23
362	"Bake Bros"	"เบคบรอส"	"Bake Bros"	"2015-01-08 11:24:26"	1	14
370	"Ippudo"	"อิปปุโดะ"	"Ippudo"	"2015-02-04 10:51:13"	1	50
371	"Tuna Ichiban Japanese Restaurant "	"ทูน่า อิชิบัน เจแปนนิส เรสเทอร์รอง"	"Tuna Ichiban Japanese Restaurant "	"2015-02-05 17:50:37"	1	45
372	"All Coco"	"ออล โคโค่"	"All Coco"	"2015-02-06 15:00:56"	1	25
377	"Tsurumaru Udon Honpo"	"ซุ รุมารุ อุด้ง"	"Tsurumaru Udon Honpo"	"2015-02-23 11:38:08"	1	50
378	"Sushi Tama"	"ซูชิ ทามะ"	"Sushi Tama"	"2015-02-23 12:13:06"	1	45
384	"Wine I Love You"	"ไวน์ ไอ เลิฟ ยู"	"Wine I Love You"	"2015-03-09 13:56:36"	1	22
385	"Katsuya"	"คัตสึยะ"	"Katsuya"	"2015-03-09 14:45:00"	1	2
387	"Tenya"	"เทนยะ"	"Tenya"	"2015-03-16 16:41:33"	1	2
389	"FoodLoft"	"ฟู้ดล้อฟท์"	"FoodLoft"	"2015-03-16 17:09:39"	1	33
390	"ชาบู 101 ดีกรี"	"ชาบู 101 ดีกรี"	"Shabu 101 Degree"	"2015-03-16 17:26:34"	1	20
391	"Coffee Beans by Dao"	"คอฟฟี่บีน บาย ดาว"	"Coffee Beans by Dao"	"2015-03-16 17:36:18"	1	24
392	"Yoshinoya"	"โยชิโนยะ"	"Yoshinoya"	"2015-03-16 18:05:12"	1	2
393	"Jurlique Day Spa"	"เจอร์ลีคเดย์สปา"	""	"2015-03-17 14:50:10"	2	300
395	"Montra Health & Spa"	"มนตราเฮลท์แอนด์สปา"	""	"2015-03-23 12:07:42"	2	300
399	"สถาบันออกแบบทรงผมเรืองฤทธิ์"	""	"Ruengrit Hairdressing Academy"	"2015-03-24 16:59:44"	2	200
400	"Goong"	"กุง"	"Goong"	"2015-03-26 17:07:07"	1	6
401	"Snobar"	"สไนบาร์"	"Snobar"	"2015-03-30 21:10:37"	1	25
406	"Virgin Active Fitness Club"	"เวอร์จิ้นแอคทีฟฟิตเนสคลับ"	""	"2015-04-02 17:03:01"	2	1000
410	"เอี่ยวไถ่ สุกี้โบราณ"	"เอี่ยวไถ่ สุกี้โบราณ"	"Earw Thai Suki & Chinese Restaurant"	"2015-04-12 13:52:52"	1	20
412	"Medivisage Clinique"	""	""	"2015-04-22 16:40:03"	2	100
415	"Shin Shin Spa"	"ชินชินสปา"	""	"2015-05-22 12:42:06"	2	300
418	"Yoga & Me"	""	""	"2015-05-26 17:03:36"	2	1001
429	"Pinkberry"	"พิงก์เบอรี่"	"Pinkberry"	"2015-07-28 00:02:15"	1	25
431	"เนื้อคู่"	"เนื้อคู่"	"nuerkoo"	"2015-08-05 18:58:13"	1	30
432	"Sushi Hiro"	"ซูชิฮิโระ"	"Sushi Hiro"	"2015-08-09 13:49:30"	1	45
433	"Ginzado"	"กินซาโด"	"Ginzado"	"2015-08-22 00:34:44"	1	43
434	"Chef Man"	"เชฟแมน"	"Chef Man"	"2015-08-22 13:00:09"	1	4
435	"indigo color salon"	""	""	"2015-08-27 14:53:03"	2	200
436	"Bar B Q Resort"	"บาร์บีคิว รีสอร์ท"	"Bar B Q Resort"	"2015-09-02 17:49:22"	1	51
438	"vr clinic"	""	""	"2015-09-08 11:12:43"	2	600
440	"More Than a Game cafe"	""	""	"2015-09-24 21:31:53"	1	14
441	"57 total beauty"	""	""	"2015-09-30 12:03:13"	2	200
442	"coffee bean & tea leaf"	"เดอะ คอฟฟี่ บีน แอนด์ ที ลีฟ "	""	"2015-10-02 14:25:11"	1	14
443	"Dairy Queen"	"แดรี่ควีน"	"Dairy Queen"	"2015-10-13 14:37:09"	1	25
444	"Jeffer Steak"	" เจฟเฟอร์ สเต็ก"	"Jeffer Steak"	"2015-10-13 15:38:51"	1	35
445	"สเต็กลุงหนวด"	"สเต็กลุงหนวด"	""	"2015-10-13 16:34:15"	1	35
447	"เตี๋ยวเรือต่อชาม"	"เตี๋ยวเรือต่อชาม"	"noodle torcharm"	"2015-10-13 16:54:37"	1	30
448	"Miss Mamon"	"มิสมาม่อน"	"Miss Mamon"	"2015-10-19 15:24:08"	1	23
449	"True Coffee"	"ทรู คอฟฟี่"	"True Coffee"	"2015-10-21 11:01:03"	1	14
450	"กาแฟดอยช้าง"	"กาแฟดอยช้าง"	""	"2015-10-21 11:13:48"	1	14
452	"โจ๊กบางกอก"	"โจ๊กบางกอก"	"Joke Bangkok"	"2015-10-21 11:35:42"	1	3
453	"ชาบู ชาบู นางใน"	"ชาบู ชาบู นางใน"	"Shabu Shabu NangNai"	"2015-10-21 11:41:42"	1	20
454	"After You Dessert Cafe"	""	"After You Dessert Cafe"	"2015-10-21 12:00:52"	1	23
455	"Amor"	""	"Amor"	"2015-10-21 12:06:53"	1	24
457	"BonChon Chicken"	"บอนชอน ชิคเกน"	"BonChon Chicken"	"2015-10-21 12:33:49"	1	6
460	"bonjour"	"บองชูร์"	"bonjour"	"2015-10-21 12:41:24"	1	24
461	"Bubble Boy"	""	"Bubble Boy"	"2015-10-21 12:44:04"	1	21
462	"Charlie's Steak"	"ชาลี เสต็กส์"	"Charlie's Steak"	"2015-10-21 16:02:44"	1	35
463	"Croissant Taiyaki"	""	"Croissant Taiyaki"	"2015-10-21 16:16:44"	1	23
464	"DADDY DOUGH"	""	"DADDY DOUGH"	"2015-10-21 16:19:26"	1	23
465	"Domino's Pizza"	""	"Domino's Pizza"	"2015-10-21 16:26:31"	1	42
466	"Fuku Matcha"	""	"Fuku Matcha"	"2015-10-21 16:30:12"	1	21
467	"Gelate"	"เจลาเต้"	"Gelate"	"2015-10-21 16:52:15"	1	25
468	"Gyu Gyu Tei"	"กิวกิวเต้"	"Gyu Gyu Tei"	"2015-10-21 16:54:17"	1	43
469	"Haagen-Dazs "	""	"Haagen-Dazs "	"2015-10-21 16:57:44"	1	25
470	"Hongkong Noodle"	"ฮ่องกงนู้ดเดิ้ล"	"Hongkong Noodle"	"2015-10-21 17:09:16"	1	30
471	"สเต็กลุงใหญ่"	"loongyai Steak"	"สเต็กลุงใหญ่"	"2015-10-21 17:23:19"	1	35
472	"ตำมั่ว"	"ตำมั่ว"	"Tummour"	"2015-10-26 12:14:13"	1	34
474	"Kitchen plus"	"คิทเช่นพลัส"	"Kitchen plus"	"2015-10-26 12:18:08"	1	3
476	"Mikucha"	"มิกุชา"	"Mikucha"	"2015-10-26 12:24:36"	1	21
477	"ก๋วยเตี๋ยวดู๋ดี๋"	"ก๋วยเตี๋ยวดู๋ดี๋"	""	"2015-10-26 14:04:06"	1	30
478	"Southern Coffee"	""	"Southern Coffee"	"2015-10-26 14:12:59"	1	14
479	"มนต์นมสด"	"มนต์นมสด"	""	"2015-10-29 14:41:27"	1	23
480	"มุมอร่อย "	"มุมอร่อย"	"moomaroi"	"2015-10-29 16:56:45"	1	3
481	"โชคดี แต่เตี้ยม "	"โชคดี แต่เตี้ยม "	"Chokdee Tae Tiam"	"2015-10-29 17:06:28"	1	4
482	"สมบูรณ์โภชนา"	"สมบูรณ์โภชนา"	"somboonphochana"	"2015-10-29 17:12:36"	1	3
483	"Bankara Ramen"	"บังคาระ ราเมง"	"Bankara Ramen"	"2015-10-29 17:14:07"	1	2
484	"Katsushin"	""	"Katsushin "	"2015-10-29 17:22:04"	1	2
485	"New York Cheesecake (NYCC) "	""	"New York Cheesecake (NYCC) "	"2015-10-29 17:30:38"	1	23
486	"หมูทอดเจ๊จง"	"หมูทอดเจ๊จง"	"Jeh Jong"	"2015-10-29 17:38:45"	1	3
487	"Gindaco "	"กินดาโกะ"	"Gindaco "	"2015-10-29 17:48:05"	1	2
488	"Hyde & Seek "	""	" Hyde & Seek "	"2015-10-29 17:59:26"	1	15
489	"ดารา เทวี"	""	"DHARA DHEVI"	"2015-10-29 18:21:50"	1	23
490	"ติ่น ไท่ ฟง "	"ติ่น ไท่ ฟง "	"DIN TAI FUNG"	"2015-10-29 18:24:46"	1	4
491	"วีที แหนมเนือง "	"วีที แหนมเนือง"	"VT Namnueng"	"2015-10-29 18:29:16"	1	7
493	"เสบียงเล"	"เสบียงเล"	""	"2015-10-29 18:43:05"	1	3
494	"La Baguette "	"ลา บาแกตต์"	"La Baguette "	"2015-10-29 18:48:17"	1	23
495	"สมศักดิ์ปูอบ"	"สมศักดิ์ปูอบ"	"SomsakPuOb"	"2015-10-29 18:50:04"	1	3
496	"Ramen Kio"	"ราเม็ง คิโอะ"	"Ramen Kio"	"2015-10-29 18:53:37"	1	3
497	"เฝอ 54"	"เฝอ 54"	""	"2015-10-29 18:57:29"	1	3
498	"Checkmate Bar & Bistro"	"เช็คเมท บาร์ แอนด์ บิสโทร"	"Checkmate Bar & Bistro"	"2015-10-29 18:59:26"	1	15
499	"ไอติมหม้อไฟยศเส"	"ไอติมหม้อไฟยศเส"	"Tongue Fun Ice cream"	"2015-10-29 19:03:46"	1	25
501	"Creamery Boutique Ice Cream "	"ครีมเมอรี่ บูติก ไอศกรีม"	"Creamery Boutique Ice Cream "	"2015-10-29 19:15:08"	1	25
502	"มานี มี หม้อ"	"มานี มี หม้อ"	"ma nee me more"	"2015-10-29 19:21:33"	1	20
503	"Casa Lapin"	"คาซ่า ลาแปง"	"Casa Lapin"	"2015-10-29 19:25:34"	1	14
504	"Yoomoo frozen yogurt"	""	"Yoomoo frozen yogurt"	"2015-10-29 19:32:50"	1	25
505	"Mekikinoginji "	"เมกิกิ โนะ กินจิ"	"Mekikinoginji "	"2015-10-29 19:36:20"	1	2
506	"White Day Patisserie "	"ไวท์เดย์"	"White Day Patisserie "	"2015-10-29 19:40:04"	1	14
507	"Sushi Hana "	"ซูชิฮานะ"	"Sushi Hana "	"2015-10-29 19:45:40"	1	45
508	"Jaiyen CAFE'"	"ใจเย็น คาเฟ่"	"Jaiyen CAFE'"	"2015-10-29 20:22:43"	1	14
510	"Peppina "	"เปปพิน่า"	"Peppina"	"2015-10-29 20:50:25"	1	42
512	"shabu na mor"	"ชาบูหน้าหม้อ"	"shabu-na-mor"	"2015-11-02 18:24:04"	1	20
517	"กาแฟวาวี"	"กาแฟวาวี"	"wawee coffee"	"2015-11-26 14:17:00"	1	14
518	"ชาบูอินดี้"	"ชาบู อินดี้"	"Shabu Indy"	"2015-11-26 15:38:38"	1	11
519	"ก๋วยเตี๋ยวปลาด๊อกเตอร์"	"ก๋วยเตี๋ยวปลาด๊อกเตอร์"	"Doctor fishball Noodle"	"2015-11-26 15:51:35"	1	30
521	"ครัวเจ๊ง้อ"	"ครัวเจ๊ง้อ"	"jengor seafoods"	"2015-11-26 16:21:50"	1	3
522	"คอฟแมน"	"คอฟแมน"	"coffman"	"2015-11-26 16:26:03"	1	14
523	"เปิ่น กาแฟโบราณ"	"เปิ่น กาแฟโบราณ"	"pern coffee"	"2015-11-26 16:35:08"	1	14
524	"กวงลูกชิ้นปลา"	"กวงลูกชิ้นปลา"	"KUANG FISHBALL RESTAURANT"	"2015-11-26 16:40:50"	1	30
526	"Wine Connection"	"ไวน์ คอนเนคชั่น"	"Wine Connection"	"2015-11-26 17:28:56"	1	22
527	"ชายสี่บะหมี่เกี๊ยว"	"ชายสี่บะหมี่เกี๊ยว"	"Chay4 Noodle"	"2015-11-26 17:34:54"	1	30
529	"ข้าวหมูแดงสีมรกต"	"ข้าวหมูแดงสีมรกต"	"Srimorakot"	"2015-12-05 12:53:05"	1	36
530	"Sukishi Korean Charcoal Grill"	"ซูกิชิ โคเรียน ชาร์โคล กริลล์"	"Sukishi Korean Charcoal Grill"	"2015-12-09 16:33:33"	1	43
531	"The Coffee Club"	"เดอะคอฟฟี่คลับ"	"The Coffee Club"	"2015-12-15 11:41:16"	1	14
532	"TOM N TOMS COFFEE"	"ทอมแอนท์ทอมส์คอมฟี่"	"TOM N TOMS COFFEE"	"2015-12-15 11:51:07"	1	14
536	"มิสเตอร์บัน"	"มิสเตอร์บัน"	"mrbun"	"2015-12-15 12:09:29"	1	24
537	"ราชาบะหมี่เกี๊ยว"	"ราชาบะหมี่เกี๊ยว"	"Racha bamhee"	"2015-12-15 12:19:15"	1	30
538	"ศรีฟ้าเบเกอรี่"	"ศรีฟ้าเบเกอรี่"	"srifabakery"	"2015-12-15 12:23:29"	1	23
539	"ราดหน้ายอดผักนายเคี้ยงเอ็มไพร์"	"ราดหน้ายอดผักนายเคี้ยงเอ็มไพร์"	"NAI KHIANG EMPIRE RATNA YOT PHAK RESTAURANT"	"2015-12-15 12:34:36"	1	3
540	"ตำแหล"	"ตำแหล"	"TamLae Restaurant"	"2015-12-15 12:37:51"	1	34
541	"แม่ศรีเรือน"	"แม่ศรีเรือน"	"Maesriruen Thaifood "	"2015-12-15 12:40:18"	1	3
543	"The Coffee Bean & Tea Leaf"	"คอฟฟี่บีน แอนด์ ทีลีฟ"	"The Coffee Bean & Tea Leaf"	"2015-12-15 14:18:33"	1	21
544	"Victory Bakery"	"วิคตอรี่เบเกอรี่"	"victory bakery"	"2015-12-15 14:21:22"	1	24
545	"Krispy Kreme"	"คริสปี้ครีม"	"Krispy Kreme"	"2015-12-15 14:35:56"	1	24
547	"love milk"	"เลิฟ มิลค์"	"love milk"	"2015-12-15 14:45:02"	1	23
548	"ชาพะยอม"	"ชาพะยอม"	"Chapayom"	"2015-12-15 14:47:58"	1	21
549	"Puff & Pie"	"พัฟฟ์แอนด์พาย"	"Puff & Pie"	"2015-12-15 14:52:25"	1	24
550	"ฮั่วเซ่งฮง"	"ฮั่วเซ่งฮง"	"Hua Seng Hong"	"2015-12-15 14:54:37"	1	4
553	"ชาตรามือ"	"ชาตรามือ"	"ChaTraMue "	"2015-12-15 15:01:45"	1	21
554	"ซาลาเปาทับหลี"	"ซาลาเปาทับหลี"	"Tub Lee Salapao"	"2015-12-15 15:03:46"	1	24
556	"Ka-nom"	"ขนม"	"Ka-nom"	"2015-12-15 15:09:18"	1	24
558	"Pearly Tea"	"เพิร์ลลี่ ที"	"Pearly Tea"	"2015-12-15 15:22:48"	1	21
559	"Yamagoya Ramen"	"ยามาโกย่า ราเมน"	"Yamagoya Ramen"	"2015-12-15 15:29:08"	1	2
562	"ซาลาเปาซั่งไห่"	"ซาลาเปาซั่งไห่"	"Salapao Shanghai"	"2015-12-15 15:45:50"	1	24
563	"Kagonoya"	"คาโกะโนยะ"	"Kagonoya"	"2015-12-15 15:51:12"	1	2
564	"ข้าวมันไก่ห้าดาว"	"ข้าวมันไก่ห้าดาว"	"5 dao kho mun kai"	"2015-12-15 15:54:20"	1	3
565	"กินเส้น"	"กินเส้น"	"Kin sen"	"2015-12-15 15:55:25"	1	30
566	"ซ้งโภชนา"	"ซ้งโภชนา"	"Songphochana"	"2015-12-15 15:56:56"	1	4
568	"Vistacafé"	"วิสต้า คาเฟ่"	"Vista Cafe"	"2015-12-15 16:00:53"	1	14
569	"กาแฟสดดอยช้าง"	"กาแฟสดดอยช้าง"	"doi chaang coffee"	"2015-12-15 16:02:54"	1	14
570	"กาแฟสดบลูเมาท์เทน"	"กาแฟสดบลูเมาท์เทน"	"bluemountain coffee"	"2015-12-15 16:03:58"	1	14
571	"โก๊ะข้าวมันไก่"	"โก๊ะข้าวมันไก่"	"KHO"	"2015-12-15 16:04:49"	1	3
573	"ก๋วยเตี๋ยวหมูต้มยำตำลึงนายเอก"	"ก๋วยเตี๋ยวหมูต้มยำตำลึงนายเอก"	"nayxek"	"2015-12-15 16:10:51"	1	30
574	"กาแฟเขาทะลุชุมพร"	"กาแฟเขาทะลุชุมพร"	"Khaothaluchumporn Coffee"	"2015-12-15 16:12:08"	1	14
575	"ขาแรง ข้าวต้มวุ้นเส้น"	"ขาแรง ข้าวต้มวุ้นเส้น"	"KhaRaeng Khawtom WunSen"	"2015-12-15 16:12:52"	1	30
578	"Melt Me"	"เมลท มี"	"Melt Me"	"2015-12-15 16:21:04"	1	23
579	"Oishi Express"	"โออิชิ เอกซ์เพรส"	"Oishi Express"	"2015-12-15 16:29:28"	1	2
580	"ปังเว้ย..เฮ้ย!!!"	"ปังเว้ย..เฮ้ย!!!"	"PANG WOEI HOEI"	"2015-12-15 16:55:43"	1	24
582	"ก๋วยเตี๋ยวรสเด็ด"	"ก๋วยเตี๋ยวรสเด็ด"	"rosded noodle"	"2015-12-15 17:06:13"	1	30
583	"ก๋วยเตี๋ยวเรือโกเหลียง"	"ก๋วยเตี๋ยวเรือโกเหลียง"	"GoLiangboat noodle"	"2015-12-15 17:06:48"	1	30
584	"ก๋วยเตี๋ยวเรือโกฮับ"	"ก๋วยเตี๋ยวเรือโกฮับ"	"Kohub Noodle"	"2015-12-15 17:14:33"	1	30
586	"เฝอ"	"เฝอ"	"pho"	"2015-12-15 17:19:20"	1	7
587	"ห้องทานข้าวสุพรรณิการ์"	"ห้องทานข้าวสุพรรณิการ์"	"Supanniga Eating Room"	"2015-12-15 17:20:57"	1	3
588	"หวานละมุน"	"หวานละมุน"	"wanlamun"	"2015-12-22 22:48:14"	1	23
589	"Snaffle's "	"สแนฟ'เฟิล"	"Snaffle's "	"2015-12-24 15:28:20"	1	23
591	"beyond cafe"	"บียอนคาเฟ่"	"beyond cafe"	"2016-01-07 11:22:56"	1	14
592	"นิปปอนไกด์มาร์เก็ต"	"นิปปอนไกด์มาร์เก็ต"	"NipponKaiMarket"	"2016-01-15 14:17:44"	1	2
593	"เดอะชริมพ์เลิฟเวอร์"	"เดอะชริมพ์เลิฟเวอร์"	"TheShrimpLover"	"2016-01-15 14:32:25"	1	41
594	"แซ่บสะเด็ด"	"แซ่บสะเด็ด"	"ZabSadedRestaurant"	"2016-01-15 14:38:30"	1	34
595	"โนบุ"	"โนบุ"	"Nobu"	"2016-01-15 14:44:30"	1	2
596	"เบรุต"	"เบรุต"	"BeirutRestaurant"	"2016-01-15 14:48:13"	1	40
597	"บ้านขนิษฐา"	"บ้านขนิษฐา"	"BaanKhanitha"	"2016-01-15 14:51:48"	1	3
599	"นูส์คาเฟ่"	"นูส์คาเฟ่"	"NousCafe"	"2016-01-15 15:01:48"	1	5
601	"Shakariki 432"	"ชาคาริคิ 432"	"Shakariki 432"	"2016-01-15 19:15:16"	1	2
603	"เดอะเทอเรส"	"เดอะเทอเรส"	"The Terrace"	"2016-01-20 16:22:15"	1	3
604	"อิ่มปลาเผา"	"อิ่มปลาเผา"	"implaphao"	"2016-01-20 16:29:12"	1	3
605	"รสดีเด็ด"	"รสดีเด็ด"	"RodDeeDet "	"2016-01-20 16:41:10"	1	36
606	"หัวปลาช่องนนทรี"	"หัวปลาช่องนนทรี"	"HuaplaChongnonsea"	"2016-01-20 17:08:16"	1	3
608	"Saint Etoile by Yamazaki"	"แซง เอตัวล์ บาย ยามาซากิ "	"Saint Etoile by Yamazaki"	"2016-01-20 17:21:47"	1	24
609	"Kobune"	"โคบูเนะ"	"Kobune"	"2016-01-25 15:53:42"	1	45
613	"กับข้าวกับปลา"	"กับข้าวกับปลา"	""	"2016-01-28 16:41:42"	1	3
615	"สควีซ"	"สควีซ"	"Squeeze"	"2016-01-28 16:54:07"	1	21
617	"นุติสเต็ก"	"นุติสเต็ก"	"NutiSteak"	"2016-01-28 17:05:33"	1	35
618	"บาร์บีคิวพรีเมียมชิคเก้น"	"บาร์บีคิวพรีเมียมชิคเก้น"	"BBQPremiumChicken"	"2016-01-28 17:12:01"	1	5
620	"ตำตำแซ่บคาเฟ่"	"ตำตำแซ่บคาเฟ่"	"TumTumZapCafé"	"2016-01-28 17:24:07"	1	34
621	"เพลินพุง"	"เพลินพุง"	"PlernPoong"	"2016-01-28 17:27:56"	1	30
622	"เดอะซาวน์"	"เดอะซาวน์"	"TheSouth"	"2016-01-28 17:31:59"	1	3
624	"คาเฟอินทีเรียอินสปายบายแบล็คแคนยอน"	"คาเฟอินทีเรียอินสปายบายแบล็คแคนยอน"	"CaféinteriainspiredbyBLACKCANYON"	"2016-01-28 17:38:32"	1	14
625	"เจลาโตนิ"	"เจลาโตนิ"	"Gelatoni"	"2016-01-28 17:43:01"	1	25
626	"รสนิยม"	"รสนิยม"	"RodNiYom"	"2016-01-28 17:47:47"	1	3
627	"BillBentley Pub"	"บิลเบนซ์เล่ผับ"	"BillBentley Pub"	"2016-01-28 17:59:40"	1	15
628	"Miyazaki Japanese Teppan Dining"	"มิยาซากิ เทปปันยากิ "	"Miyazaki Japanese Teppan Dining"	"2016-01-30 17:24:33"	1	2
630	"สีลมวิลเลจ"	"สีลมวิลเลจ"	"SilomVillag"	"2016-02-01 10:09:09"	1	33
631	"วาวาชา"	"วาวาชา"	"WawaCha"	"2016-02-01 10:14:48"	1	21
634	"ชิมไทย"	"ชิมไทย"	"ChimThai"	"2016-02-01 10:20:18"	1	3
635	"อื้มมิลล์"	"อื้มมิลล์"	"Umm!..Milk"	"2016-02-01 10:27:02"	1	25
636	"บลูคัพ"	"บลูคัพ"	"BlueCup "	"2016-02-01 10:33:57"	1	14
638	"บัทไอศกรีม"	"บัทไอศกรีม"	"BudIceCream"	"2016-02-01 10:39:00"	1	25
642	"Zaab อีลี่"	"Zaab อีลี่"	"Zaab Eli "	"2016-02-08 13:23:12"	1	34
643	"De' Juice Hair Stylist"	"เดอ จูส แฮร์สไตลิส"	"De' Juice Hair Stylist"	"2016-02-08 14:01:52"	2	200
644	"Fujiyama go go"	"ฟูจิยาม่า โกโก"	"Fujiyama Go Go Tsukemen Ramen"	"2016-02-08 14:31:56"	1	50
645	"ครัวอัปษร"	"ครัวอัปษร"	"Krua Apsorn"	"2016-02-08 15:47:42"	1	3
646	"Gold Curry "	"โกลด์เคอร์รี่"	"Gold Curry Bangkok"	"2016-02-08 16:16:55"	1	2
647	"โจ๊กเปิดหม้อ"	"โจ๊กเปิดหม้อ"	"Joke Perd Moh"	"2016-02-08 16:26:29"	1	3
648	"Teddy's Bigger Burgers "	"เทดดี้ส์ บิ๊กเกอร์ เบอร์เกอร์"	"Teddy's Bigger Burgers "	"2016-02-08 17:14:19"	1	8
649	"Danish Bar "	"เดนิชบาร์"	"Danish Bar "	"2016-02-08 17:38:26"	1	24
651	"Rocket Coffeebar"	"ร๊อกเก็ต คอฟฟี่ บาร์"	"Rocket Coffeebar"	"2016-02-08 19:27:41"	1	14
652	"Eat Am Are"	"อีทแอมอาร์"	"Eat Am Are"	"2016-02-08 19:43:15"	1	36
653	"Mono Mono"	"โมโน โมโน"	"Mono Mono BKK"	"2016-02-08 19:50:28"	1	8
654	"Osaka Ohsho"	"โอซากา โอโช"	"Osaka Ohsho"	"2016-02-09 12:05:08"	1	2
655	"ครัวดอกไม้ขาว"	"ครัวดอกไม้ขาว"	"White Flower Restaurant"	"2016-02-09 12:16:37"	1	3
656	"Jones' Salad"	"โจนส์ สลัด"	"Jones Salad"	"2016-02-09 12:27:00"	1	39
657	"Kofuku Japanese Sandwich"	"โคฟูกุ เจแปน แซนวิช"	"Kofuku Japanese Sandwich"	"2016-02-09 12:29:00"	1	2
658	"Star Chefs Maki Champion"	"สตาร์เชฟ  มากิแชมป์เปี้ยน"	"Star Chefs Maki Champion"	"2016-02-09 12:31:34"	1	45
659	"NARA Thai Cuisine"	"นารา ไทย คูซีน"	"NARA Thai Cuisine"	"2016-02-09 13:22:44"	1	3
660	"Sushi Express"	""	"Sushi Express"	"2016-02-09 13:58:59"	1	45
661	"Sendai Ramen Mokkori"	"เซนได ราเมน มอคโคริ"	"Sendai Ramen Mokkori"	"2016-02-09 14:03:45"	1	50
662	"THE STEAM ROOM by เปาจึ"	"เปาจึซาลาเปาไส้ไหล"	"THE STEAM ROOM by เปาจึ"	"2016-02-09 14:22:55"	1	4
664	"เช็งซิมอี๊"	"เช็งซิมอี๊"	"Chengsim ei"	"2016-02-09 14:49:38"	1	23
665	"Zood Noodl"	""	"Zood Noodl"	"2016-02-09 15:10:43"	1	30
666	"PAUL"	"พอล"	"PAUL"	"2016-02-09 15:29:33"	1	24
667	"เปลว นครปฐม ก๋วยเตี๋ยวต้มยำโบราณ"	"เปลวนครปฐม ก๋วยเตี๋ยวต้มยำโบราณ"	"plewnakhonpathom"	"2016-02-09 15:51:27"	1	30
668	"โกบู้รสซิ่ง"	"โกบู้รสซิ่ง"	"Ko Boo Rod Sing"	"2016-02-09 16:09:40"	1	30
669	"บุญตงกี่"	"บุญตงกี่"	"Boon Tong Kee"	"2016-02-09 16:11:29"	1	4
670	"ไก่ย่างเสือใหญ่"	"ไก่ย่างเสือใหญ่"	"kaiyangsuayai"	"2016-02-09 16:19:23"	1	34
671	"สเต็กสามย่าน ทูเดย์ สเต็ก"	"สเต็กสามย่าน ทูเดย์ สเต็ก"	"Steak  Samyan Today Steak"	"2016-02-09 16:27:04"	1	35
672	"บะหมี่จอมพลัง"	"บะหมี่จอมพลัง"	"Bamee jom palang"	"2016-02-09 16:30:23"	1	30
673	"แซ่บวันรัชดา"	"แซ่บวันรัชดา"	" Zaap One Ratchada"	"2016-02-09 16:37:21"	1	34
674	"Phoenix Lava"	""	"Phoenix Lava"	"2016-02-09 17:09:09"	1	23
675	"บัวลอยพี่เง็ก "	"บัวลอยพี่เง็ก (เจ้าเก่า)"	"Bualoi Pee Ngek"	"2016-02-09 17:11:28"	1	23
676	"ทงคัตสึคะซังราเมน"	"ทงคัตสึคะซังราเมน"	"Tonkotsu Kazan Ramen"	"2016-02-09 17:30:16"	1	50
677	"บ้านไอซ์"	"บ้านไอซ์"	"Baan Ice"	"2016-02-09 17:34:26"	1	49
679	"กุ้งถัง"	"กุ้งถัง"	"Koong Tung"	"2016-02-09 17:41:00"	1	29
680	"School Food"	"สคูลฟู้ด"	"School Food"	"2016-02-09 17:45:00"	1	6
681	"ยาคุนคอฟฟี่แอนด์โทสต์"	"ยาคุนคอฟฟี่แอนด์โทสต์"	"Ya Kun Coffee & Toast"	"2016-02-09 17:50:44"	1	14
682	"Another Hound Café"	"อนาเธอร์ฮาวด์ คาเฟ่"	"Another Hound Café"	"2016-02-09 17:53:40"	1	33
683	"Nai Lekaon"	"Nai Lekaon"	"ก๋วยจั๊บนายเล็ก (อ้วน)"	"2016-02-09 17:57:46"	1	36
684	"ครกไม้ไทยลาว"	"ครกไม้ไทยลาว"	"crokmai"	"2016-02-09 18:03:42"	1	34
686	"ส้มตำนัว"	"ส้มตำนัว"	"SOMTAM NUA"	"2016-02-09 18:12:14"	1	34
688	"ใสสะอาดก๋วยเตี๋ยวลูกชิ้นน้ำใส"	"ใสสะอาดก๋วยเตี๋ยวลูกชิ้นน้ำใส"	"SAI SA-AT BALL NOODLE"	"2016-02-09 18:16:11"	1	30
689	"Teraoka Gyoza"	""	"Teraoka gyoza"	"2016-02-09 18:17:24"	1	2
690	"สุกี้ยากี้เมาเวอริค"	"สุกี้ยากี้เมาเวอริค"	"Suki Yaki Maverick"	"2016-02-09 18:21:46"	1	20
691	"Garrett Popcorn"	"การ์เร็ต ป๊อปคอร์น"	""	"2016-02-09 18:27:22"	1	23
692	"Hong Bao"	"หงเปา"	"Hong Bao"	"2016-02-09 18:32:31"	1	4
693	"โทมาโตนู้ดเดิ้ล "	"โทมาโตนู้ดเดิ้ล "	"Tomato Noodle"	"2016-02-09 18:33:23"	1	50
694	"โมกุโอล่า ฮาวาย"	"โมกุโอล่า ฮาวาย"	"Mokuola Hawaii"	"2016-02-09 18:42:25"	1	2
695	"Nua Noodle House "	"ก๋วยเตี๋ยวหมูต้มยำนัว"	"Nua Noodle House "	"2016-02-09 18:42:56"	1	30
696	"ข้าวต้มเป็ดอ้วน"	"ข้าวต้มเป็ดอ้วน"	"Khao Tom Ped Uan"	"2016-02-09 18:43:05"	1	36
697	"เคียวโชน"	"เคียวโชน"	"Kyo Chon"	"2016-02-09 18:46:06"	1	6
698	"Hungry Nerd"	"ฮังกรี้เนิร์ด"	"Hungry Nerd"	"2016-02-09 18:53:11"	1	8
699	"Bangkok Grill"	""	"Bangkok Grill"	"2016-02-09 18:57:15"	1	35
700	"Nantsuttei Ramen"	"นันซึเท ราเมน"	"Nantsuttei Ramen"	"2016-02-09 19:01:06"	1	50
701	"Hot Star"	"ฮ็อทสตาร์"	"Hot Star Large Fried Chicken"	"2016-02-09 19:11:27"	1	4
702	"นิตยาไก่ย่าง"	"นิตยาไก่ย่าง"	"Nittaya Kaiyang"	"2016-02-09 19:15:35"	1	34
703	"ลิ้มเหล่าโหงว"	"ลิ้มเหล่าโหงว"	"Lim Lao Ngow "	"2016-02-09 19:22:54"	1	30
704	"หนองคายป้าสุ"	"หนองคายป้าสุ"	"Nongkhai Pasu"	"2016-02-09 19:37:00"	1	34
705	"T- House"	"ที เฮาส์ "	"T- House"	"2016-02-09 20:00:42"	1	7
706	"Sagami"	"ซางามิ"	"Sagami"	"2016-02-09 20:01:11"	1	2
707	"ซาลาเปาโกอ้วน"	"ซาลาเปาโกอ้วน"	"Salapao Koouan"	"2016-02-09 20:07:05"	1	4
708	"ข้าวผัดปูเมืองทอง 1"	"ข้าวผัดปูเมืองทอง 1"	""	"2016-02-09 20:14:19"	1	36
709	"ลูกชิ้นศรีย่าน"	"ลูกชิ้นศรีย่าน"	"Look Chin Sri Yan"	"2016-02-09 20:22:00"	1	30
710	"ต.รุ่งโรจน์ ลูกชิ้นปลา"	"ต.รุ่งโรจน์ ลูกชิ้นปลา"	"troongroj-fish-ball-noodle"	"2016-02-09 20:26:10"	1	30
711	"Dotonbori "	""	"Dotonbori "	"2016-02-09 20:39:59"	1	50
712	"เอลวิส สุกี้ (ฮะเซ่งฮวด)"	"เอลวิส สุกี้คั่วไก่"	"Elvis Suki"	"2016-02-09 20:51:19"	1	20
713	"Ton Chin Kan Ramen"	"ทงจิงกัง ราเมน"	"Ton Chin Kan Ramen"	"2016-02-09 20:57:52"	1	50
714	"Bread Talk"	"เบรด ทอล์ค"	"Bread Talk"	"2016-02-09 20:58:25"	1	24
715	"แสนยอด"	"แสนยอด"	"Saenyod"	"2016-02-09 21:15:09"	1	4
716	"Ramen Kourakuen"	"ราเมง โคราคุเอ็น"	"Ramen Kourakuen"	"2016-02-09 21:18:02"	1	50
720	"Grill Jung"	"กิลล์จัง"	"Grill Jung"	"2016-02-10 15:15:11"	1	43
721	"Hajime Robot Restaurant"	"ฮาจิเมะ โรบอท"	"Hajime Robot Restaurant"	"2016-02-10 15:18:28"	1	2
722	"HOBS"	"ฮอบส์"	"HOBS"	"2016-02-10 15:21:18"	1	16
723	"Kobe Steakhouse"	"โกเบ สเต๊กเฮาส์"	"Kobe Steakhouse"	"2016-02-10 15:25:38"	1	35
726	"Emack and Bolio's"	"อีแม็ก แอนด์ โบลิโอส์"	"Emack and Bolio's"	"2016-02-11 12:37:34"	1	25
727	"El Gaucho Argentinian Steakhouse"	"เอลเกาโช่"	"El Gaucho Argentinian Steakhouse"	"2016-02-14 11:45:55"	1	35
728	"Sushi OO"	"ซูชิ โอ"	"Sushi-OO"	"2016-02-15 12:16:34"	1	2
730	"DEAN & DELUCA"	"ดีน แอนด์ เดลูก้า"	"DEAN & DELUCA"	"2016-02-17 11:53:37"	1	33
735	"pan cafe"	"ปัง คาเฟ่"	"Pan Cafe"	"2016-02-25 14:00:50"	1	24
737	"cinnabon"	"ซินนาบอน"	"cinnabon"	"2016-02-25 14:40:38"	1	24
738	"pastel"	""	"pastel"	"2016-02-25 16:22:21"	1	24
740	"the shaker cafe"	""	"the shaker cafe"	"2016-02-25 17:39:14"	1	14
741	"อบอร่อย"	"อบอร่อย"	"Ob Aroi"	"2016-02-26 20:55:12"	1	29
742	"The Canton House"	"เดอะแคนตันเฮ้าส์"	"The Canton House"	"2016-02-27 19:13:20"	1	4
743	"Kuroda"	"คุโรดะ"	"Kuroda"	"2016-02-29 11:31:14"	1	2
744	"สลัดคุณนาย"	"สลัดคุณนาย"	"Salad Khunnai"	"2016-02-29 11:49:58"	1	39
745	"Basaraka Ramen"	"บาซารากะ ราเมน"	"Basaraka Ramen"	"2016-02-29 12:04:29"	1	50
748	"ซ้งเป็ดพะโล้"	"ซ้งเป็ดพะโล้"	"zongpedpalow"	"2016-03-01 12:39:45"	1	4
749	"ก๋วยเตี๋ยวต้มยำกุ้งมะนาวไข่หวาน"	"ก๋วยเตี๋ยวต้มยำกุ้งมะนาวไข่หวาน"	"Tom Yum Kung Noodle and Sweet Egg"	"2016-03-01 16:04:20"	1	30
750	"Giant Squid"	"ไจแอนท์ สควิด"	"Giant Squid"	"2016-03-03 11:37:19"	1	28
752	"ส้มตำอุดร"	"ส้มตำอุดร"	"Somtum Udon"	"2016-03-04 14:42:39"	1	34
753	"The Dining Room"	"เดอะ ไดนิ่ง รูม"	"The Dining Room"	"2016-03-04 15:01:27"	1	33
754	"Ristr8to"	"ริสเทรตโต้"	"Ristr8to"	"2016-03-04 15:34:11"	1	14
755	"สวนผัก โอ้กะจู๋ ออแกนนิก"	"สวนผัก โอ้กะจู๋ ออแกนนิก"	"Ohkajhu organic"	"2016-03-04 15:49:02"	1	39
756	"The Glass House"	"เดอะ กลาส เฮ้าส์"	"The Glass House"	"2016-03-04 16:09:28"	1	33
757	"ล้ำลำ"	"ล้ำลำ"	"Lum Lum"	"2016-03-04 16:25:36"	1	6
758	"ลมทะเล"	"ลมทะเล"	"LOMTALAY"	"2016-03-04 16:41:32"	1	29
759	"Misokatsu Yabaton"	"มิโซะ คัทสึ ยาบาตง"	"misokatsu yabaton"	"2016-03-04 16:57:16"	1	2
760	"Ramen Misoya"	"ราเมน มิโซยะ"	"Ramen Misoya"	"2016-03-04 18:46:22"	1	50
761	"Mai Bakery in garden"	"ไหมเบเกอร์รี่"	"Mai Bakery in garden"	"2016-03-05 21:16:44"	1	24
762	"หอมปากหอมคอ"	"หอมปากหอมคอ"	"Hom Pak Hom Kor"	"2016-03-05 21:30:23"	1	24
763	"หลิวเซียงฟง"	"หลิวเซียงฟง"	"Liu Xiang Fong"	"2016-03-05 22:21:01"	1	4
764	"เรือนหยก"	"เรือนหยก"	"Ruean Yoke"	"2016-03-05 22:35:44"	1	20
765	"EST.33 By SINGHA"	"เอส 33 บายสิงห์"	"EST.33 By SINGHA"	"2016-03-05 22:43:39"	1	13
767	"Maria Pizzeria & Restaurant"	"มาเรีย พิซเซเรีย แอนด์ เรสเตอรองต์"	"Maria Pizzeria & Restaurant"	"2016-03-05 23:52:30"	1	5
768	"Espresso Gallery"	"เอสเพรสโซ่ แกลเลอรี่"	"Espresso Gallery"	"2016-03-06 00:58:03"	1	14
770	"ลุงบังหัวปลาหม้อไฟ"	"ลุงบังหัวปลาหม้อไฟ"	""	"2016-03-07 10:04:56"	1	3
771	"The Salad Concept"	"เดอะ สลัด คอนเซปท์"	"The Salad Concept"	"2016-03-07 10:11:44"	1	39
772	"Dairy Home"	"แดรี่ โฮม"	"Dairy Home"	"2016-03-07 10:15:50"	1	35
773	"เรือนเพชรสุกี้"	"เรือนเพชรสุกี้"	""	"2016-03-07 17:13:06"	1	20
774	"สุดทางรัก"	"สุดทางรัก"	"suttangrak"	"2016-03-07 17:27:04"	1	29
775	"Sweet Time"	"สวีท ไทม์"	"Sweet Time"	"2016-03-08 10:33:28"	1	23
776	"MOS BURGER "	"มอส เบอร์เกอร์"	"MOS BURGER "	"2016-03-08 14:00:52"	1	28
777	"Elefin coffee"	""	""	"2016-03-08 15:20:43"	1	14
778	"chu"	""	""	"2016-03-08 15:34:39"	1	14
779	"กัลปพฤกษ์"	"กัลปพฤกษ์"	"KALLAPAPREUK"	"2016-03-08 16:27:38"	1	3
780	"อร่อยแน่นอน"	"อร่อยแน่นอน"	"Aroy Naenon"	"2016-03-09 14:41:45"	1	34
782	"สถานีสูตรเตี๋ยว"	"สถานีสูตรเตี๋ยว"	"soodthiewchiangmai"	"2016-03-14 09:50:56"	1	30
783	"The Mandarin Oriental Shop"	"แมนดารินโอเรียนเต็ลช็อป"	"The Mandarin Oriental Shop"	"2016-03-14 10:03:41"	1	24
784	"ศาลาริมน้ำ"	"ศาลาริมน้ำ"	"Sala Rimnam"	"2016-03-14 10:10:59"	1	3
785	"BlueSpice"	"บลูสไปซ์"	"BlueSpice"	"2016-03-14 10:13:59"	1	33
786	"ห่อหมกพุดดิ้ง"	"ห่อหมกพุดดิ้ง"	"Hormok Pudding"	"2016-03-14 10:18:10"	1	3
787	"หลู้ลำ"	"หลู้ลำ"	"lulum"	"2016-03-14 10:22:47"	1	32
788	"อัมพรแหนมเนือง"	"อัมพรแหนมเนือง"	"Amphon Naem Nueang"	"2016-03-14 10:29:45"	1	7
789	"เลตรัง"	"เลตรัง"	"laytrang"	"2016-03-14 10:50:10"	1	4
790	"Mango Tango"	"แมงโก้แทงโก้"	"Mango Tango"	"2016-03-14 10:56:46"	1	23
791	"เฮ้งชุนเส็ง"	"เฮ้งชุนเส็ง"	"็Heng Chun Seng"	"2016-03-16 10:49:16"	1	30
792	"แซ่บแน่"	"แซ่บแน่"	""	"2016-03-16 14:08:49"	1	34
793	"ทิม โฮ วาน"	"ทิม โฮ วาน"	"Tim Ho Wan"	"2016-03-16 14:28:17"	1	4
794	"ตำยั่ว ครกยักษ์"	"ตำยั่ว ครกยักษ์"	"Tumyour Krokyak"	"2016-03-16 15:18:55"	1	34
795	"Gallery กาแฟดริป"	"แกลอรี่ กาแฟดริป"	"Gallery Coffee Drip"	"2016-03-16 16:05:50"	1	14
796	"Uncle Tetsu's Cheesecake"	"อังเคิล เท็ตสึ ชีสเค้ก"	"Uncle Tetsu's Cheesecake"	"2016-03-16 19:48:06"	1	24
799	"แจ่วชาบู"	"แจ่วชาบู"	"Jaew Shabu"	"2016-03-17 14:49:57"	1	20
800	"แซ้บเวอร์"	"แซ้บเวอร์"	"zappver"	"2016-03-17 15:49:34"	1	34
803	"โตเกียว เทปันยากิ"	"โตเกียว เทปันยากิ"	"Tokyo Teppanyaki Cuisine"	"2016-03-18 14:02:18"	1	2
804	"Fat Gut'z Saloon"	"แฟตกัซต์ ซาลูน"	"Fat Gut'z Saloon"	"2016-03-18 17:39:50"	1	8
805	"อาอู๊กี่ บะหมี่เกี๊ยว"	"อาอู๊กี่ บะหมี่-เกี๊ยว"	"arauguii noodle"	"2016-03-19 14:20:28"	1	30
806	"บ๊วยโภชนา"	"บ๊วยโภชนา"	"buay pochana"	"2016-03-19 17:51:39"	1	30
807	"The Bibimbab"	"เดอะ บิบิมบับ"	"The Bibimbab"	"2016-03-19 18:31:51"	1	6
809	"Steak Box"	"สเต๊ก บ๊อกซ์"	"Steak Box"	"2016-03-20 23:00:35"	1	35
810	"White Story"	"ไวท์ สตอรี่"	"White Story"	"2016-03-20 23:12:17"	1	42
811	"Torajiro"	"โทราจิโร่"	"Torajiro"	"2016-03-20 23:20:15"	1	2
812	"สถานีบ้านนม"	"สถานีบ้านนม"	"Baannom Milk Station"	"2016-03-20 23:23:43"	1	24
813	"ล้านปลาทูรวย"	"ล้านปลาทูรวย"	"Lan Platoo Ruay"	"2016-03-20 23:28:35"	1	29
814	"สะเลเต"	"สะเลเต"	"Sa la te"	"2016-03-20 23:33:30"	1	34
815	"หยิงปิงยูนนาน"	"หยิงปิงยูนนาน"	"Yun nan restaurant"	"2016-03-20 23:36:16"	1	4
816	"Flow Restaurant & Bar"	"โฟลว์"	"Flow Restaurant & Bar"	"2016-03-20 23:39:07"	1	5
817	"The Cream & Fudge Factory"	""	"The Cream & Fudge Factory"	"2016-03-21 00:00:48"	1	25
819	"Hard Rock Cafe"	"ฮาร์ดร็อค คาเฟ่"	"Hard Rock Cafe"	"2016-03-21 00:08:06"	1	15
820	"Boat Bakery"	"โบ๊ต เบเกอรี่"	"Boat Bakery"	"2016-03-21 00:12:26"	1	24
821	"ไวท์เฮ้าส์"	"ไวท์เฮ้าส์"	"White House"	"2016-03-21 00:18:11"	1	15
822	"Ramen Tei"	"ราเมนเทอิ"	"Ramen Tei"	"2016-03-21 00:22:33"	1	50
823	"สามย่านซีฟู้ด"	"สามย่านซีฟู้ด"	"Samyan Seafood"	"2016-03-21 00:26:10"	1	29
824	"โรงนม"	"โรงนม"	"Rong Nom"	"2016-03-21 00:30:07"	1	14
825	"เรือนไทยซีฟู้ด"	"เรือนไทยซีฟู้ด"	"RUEAN THAI SEAFOOD RESTAURANT"	"2016-03-21 00:34:52"	1	29
833	"ใบเมี่ยง"	"ใบเมี่ยง"	"Baimieng"	"2016-03-21 18:13:57"	1	7
835	"Ah Yat Abalone"	"อายัท อบาโลน"	"Ah Yat Abalone"	"2016-03-23 21:46:31"	1	4
838	"Think Cafe"	""	"Think Cafe"	"2016-03-25 11:20:01"	1	24
839	"Waterside Resort Restaurant"	"วอเตอร์ไซด์ รีสอร์ท"	"Waterside Resort Restaurant"	"2016-03-25 12:03:00"	1	15
840	"Seobinggo"	"ซอบิงโก"	"Seobinggo"	"2016-03-25 12:19:06"	1	23
841	"Meat Up Yakiniku"	"มีทอัพ ยากินิกุ"	"Meat Up Yakiniku"	"2016-03-25 12:34:02"	1	43
842	"Thonglor Yokocho"	"ทองหล่อ โยโคโจว"	"Thonglor Yokocho"	"2016-03-25 12:41:59"	1	33
843	"เด็กเส้น"	"เด็กเส้น"	"Dek Sen"	"2016-03-25 13:44:19"	1	30
845	"Nerd by Daniel Thaiger"	""	"Nerd by Daniel Thaiger"	"2016-03-25 13:56:26"	1	8
846	"ฉั่วเจียบฮวด"	"ฉั่วเจียบฮวด"	"Chua Chiap Huat"	"2016-03-25 14:12:14"	1	4
848	"ลิ้มเล่าซา"	"ลิ้มเล่าซา"	"LIM LAO SA"	"2016-03-25 16:40:20"	1	30
849	"ก๋วยเตี๋ยวคั่วไก่นายฮ้ง"	"ก๋วยเตี๋ยวคั่วไก่นายฮ้ง"	"Kuaytiew Kuakai Nai Hong"	"2016-03-25 16:43:38"	1	30
850	"ก๋วยเตี๋ยวคั่วไก่ สวนมะลิ (เจ๊เค็ง เจ๊งิ้ม)"	"ก๋วยเตี๋ยวคั่วไก่ สวนมะลิ (เจ๊เค็ง เจ๊งิ้ม)"	""	"2016-03-25 16:48:35"	1	30
851	"ก๋วยเตี๋ยวเรือพระนคร"	"ก๋วยเตี๋ยวเรือพระนคร"	"Phra Nakorn Noodle"	"2016-03-25 17:06:15"	1	30
852	"บะหมี่ไข่ลุงเฉื่อย"	"บะหมี่ไข่ลุงเฉื่อย"	"Lung Cheay Egg Noodles"	"2016-03-25 17:16:02"	1	30
853	"Spicy By Nature"	"สไปซี่ บาย เนเจอร์"	"Spicy By Nature"	"2016-03-26 12:19:53"	1	10
854	"ข้าวมันไก่สามแปด"	"ข้าวมันไก่สามแปด"	""	"2016-03-27 11:48:38"	1	36
855	"โรตีมะตะบะ"	"โรตีมะตะบะ"	"Roti Mataba"	"2016-03-27 11:51:45"	1	10
856	"สเต๊กอ้วนผอม"	"สเต๊กอ้วนผอม"	"AUN-POM STEAK"	"2016-03-27 11:59:41"	1	35
857	"ตำ..ตำ อินเตอร์"	"ตำ..ตำ อินเตอร์"	"TUMTUM INTER"	"2016-03-27 12:02:32"	1	34
858	"Red Sun"	""	""	"2016-03-27 13:05:19"	1	6
859	"ธานี"	"ธานี"	"Thanee"	"2016-03-27 19:39:02"	1	36
860	"คุณแดงก๋วยจั๊บญวน "	"คุณแดงก๋วยจั๊บญวน "	"Khun Dang Kruy Jab Yuan "	"2016-03-27 19:45:27"	1	7
861	"Yuujou Ramen"	"ยูโจ ราเมน"	"Yuujou Ramen"	"2016-03-27 19:51:36"	1	50
862	"ขนมครกเข้าวัง"	"ขนมครกเข้าวัง"	""	"2016-03-27 19:52:44"	1	23
863	"Carl's Jr"	"คาร์ล จูเนียร์"	"Carl's Jr"	"2016-03-27 19:58:10"	1	28
864	"Dream Steak"	"ดรีม สเต๊ก"	"Dream Steak"	"2016-03-27 20:03:00"	1	35
866	"สุภัทราริเวอร์เฮ้าส์"	"สุภัทราริเวอร์เฮ้าส์"	"Supatra River House"	"2016-03-28 00:31:37"	1	3
867	"Hom Krun Coffee"	"หอมกรุ่นคอฟฟี่"	"Hom Krun Coffee"	"2016-03-28 00:38:30"	1	14
868	"เรือนแก้ว"	"เรือนแก้ว"	"RUEAN KAEO"	"2016-03-28 00:45:15"	1	3
869	"หมี่ต้นโพธิ์"	"หมี่ต้นโพธิ์"	"Mee Ton Poe"	"2016-03-28 00:47:40"	1	30
870	"Sweety Secret"	"สวีทตี้ ซีเคร็ท"	"Sweety Secret"	"2016-03-28 00:54:43"	1	24
871	"หนานหยวน"	"หนานหยวน"	"NanYuan"	"2016-03-28 01:01:49"	1	30
872	"Grand Palace"	"แกรนด์ พาเลซ"	"Grand Palace"	"2016-03-28 01:05:14"	1	4
873	"สเต็กสวัสดี"	"สเต็กสวัสดี"	"Sawasdee Steak"	"2016-03-28 10:05:41"	1	35
874	"Aoi"	"อาโออิ"	"Aoi"	"2016-03-28 10:18:26"	1	2
875	"อ้วนผอมเมี่ยงปลาเผา"	"อ้วนผอมเมี่ยงปลาเผา"	"Uan Pom"	"2016-03-28 10:20:57"	1	34
876	"ส้มตำหลวงพระบาง"	"ส้มตำหลวงพระบาง"	"Somtam Luang Prabang"	"2016-03-28 10:23:14"	1	34
878	"ส้มตำคอนแวนต์"	"ส้มตำคอนแวนต์"	"Somtam Convent"	"2016-03-28 10:33:46"	1	34
879	"WaQ Yakiniku"	"วาคิว ยากินิคุ"	"WaQ Yakiniku"	"2016-03-28 10:36:36"	1	43
880	"Guru Gyuu"	"กูรู กิว"	"Guru Gyuu"	"2016-03-28 10:39:47"	1	43
881	"โรงเบียร์เยอรมันตะวันแดง"	"โรงเบียร์เยอรมันตะวันแดง"	"Tawandang German Brewery"	"2016-03-28 10:42:26"	1	15
882	"ไส้อั่วคำแปง"	"ไส้อั่วคำแปง"	"Sai Auo Kam Pang"	"2016-03-28 10:46:35"	1	44
883	"เอี่ยมโภชนา"	"เอี่ยมโภชนา"	"Aiem Pochana"	"2016-03-28 10:51:22"	1	20
884	"Cafe Chilli"	"คาเฟ่ ชิลลี่"	"Cafe Chilli"	"2016-03-28 11:05:13"	1	34
885	"Mama Dolores Old Times Pizzeria"	"มาม่า โดราเลส โอล ไทม์"	"Mama Dolores Old Times Pizzeria"	"2016-03-28 13:43:14"	1	42
886	"benihana"	"เบนิฮานา"	"benihana"	"2016-03-28 18:19:51"	1	2
887	"ภัตตาคารต้าเหลียน"	"ภัตตาคารต้าเหลียน"	"Dalian Restaurant"	"2016-03-28 18:46:32"	1	4
888	"ภูไท พ.ศ.2514"	"ภูไท พ.ศ.2514"	""	"2016-03-29 13:22:49"	1	34
889	"Moonne"	""	"Moonne"	"2016-03-31 18:28:36"	1	24
891	"Sam Steak and More"	"แซม สเต็ก แอนด์ มอร์"	"Sam Steak and More"	"2016-04-04 01:05:33"	1	35
892	"Bitter*Sweet homemade ice cream "	"บิทเทอร์*สวีท"	"Bitter*Sweet homemade ice cream "	"2016-04-04 01:10:30"	1	25
894	"ไล-บรา-รี่"	"ไล-บรา-รี่"	"Library"	"2016-04-04 01:27:02"	1	3
895	"Lee Cafe"	"ลีคาเฟ่"	"Lee Cafe"	"2016-04-04 01:35:14"	1	4
896	"เล่งหงษ์"	"เล่งหงษ์"	"Lenghong"	"2016-04-04 09:51:15"	1	4
898	"Quick Katsu"	"ควิก คัทสึ"	"Quick Katsu"	"2016-04-04 10:10:03"	1	2
899	"Uomasa"	"อุโอะมาสะ"	"Uomasa"	"2016-04-04 10:22:35"	1	2
900	"สังกะสี"	"สังกะสี"	"SANGKASI RESTAURANT"	"2016-04-04 10:34:38"	1	29
901	"สุกี้ยากี้ นัมเบอร์วัน"	"สุกี้ยากี้ นัมเบอร์วัน"	"Suki No.1"	"2016-04-04 10:39:42"	1	20
904	"Texas Chicken"	"เท็กซัส ชิคเก้น"	"Texas Chicken"	"2016-04-06 22:29:20"	1	28
905	"ST. MARC CAFE"	""	"ST. MARC CAFE"	"2016-04-07 00:48:17"	1	23
906	"Buddhi Belly"	"บุดดี้ เบลลี่"	"Buddhi Belly"	"2016-04-07 00:52:48"	1	25
907	"TanTan Izakaya Buffet"	"ตันตัน อิซากายะ บุฟเฟ่ต์"	"TanTan Izakaya Buffet"	"2016-04-07 00:57:52"	1	2
908	"The Girl & The Pig"	""	""	"2016-04-07 15:05:13"	1	33
909	"Shabuku"	""	"Shabuku"	"2016-04-08 10:47:30"	1	20
910	"Midori Sushi"	""	"Midori Sushi"	"2016-04-09 18:46:37"	1	45
911	"Sushi Dai"	""	""	"2016-04-09 21:58:12"	1	45
912	"Winner House"	"วินเนอร์ เฮาส์"	"Winner House"	"2016-04-11 01:39:11"	1	7
913	"Koyama Yakiniku"	"โคยาม่า ยากินิคุ"	"Koyama Yakiniku"	"2016-04-11 01:47:56"	1	43
914	"โรงเบียร์ฮอลแลนด์"	"โรงเบียร์ฮอลแลนด์"	"Holland Brewery"	"2016-04-11 01:53:25"	1	15
915	"สเต็กปีนัง"	"สเต็กปีนัง"	"Penang Steak"	"2016-04-11 01:58:17"	1	35
916	"E.P.'s Artisan Bakery"	"อีพี อาติซาน เบเกอรี่"	"E.P.'s Artisan Bakery"	"2016-04-11 02:07:27"	1	24
917	"The Manhattan Fish Market"	"เดอะแมนฮัตตันฟิชมาร์เก็ต"	"The Manhattan Fish Market"	"2016-04-11 02:10:00"	1	29
918	"อ้วนบะกุ๊ดเต๋"	"อ้วนบะกุ๊ดเต๋"	"Uean Bagutte"	"2016-04-11 02:12:44"	1	4
919	"Ginger"	"จินเจอร์"	"Ginger"	"2016-04-11 02:14:45"	1	26
920	"TAKETEI"	"ทาเคะเทอิ"	"TAKETEI"	"2016-04-11 02:17:10"	1	2
921	"เรือนปั้นหยา"	"เรือนปั้นหยา"	"RUEAN PANYA"	"2016-04-11 02:19:09"	1	3
922	"อินโดจีน"	"อินโดจีน"	"Indojeen"	"2016-04-11 02:29:25"	1	7
923	"หลานตาชู"	"หลานตาชู"	"LARN TA CHU"	"2016-04-11 02:34:15"	1	35
924	"หัวปลาช่องนนทรี จูเนียร์"	"หัวปลาช่องนนทรี จูเนียร์"	"HuaplaChongnonsea Junior"	"2016-04-11 02:37:24"	1	29
925	"Lord Of Coffee"	"ลอร์ด ออฟ คอฟฟี่"	"Lord Of Coffee"	"2016-04-15 23:38:02"	1	14
926	"Three Mangoes"	"ทรี แมงโก้"	"Three Mangoes"	"2016-04-15 23:46:03"	1	17
927	"Kozo Sushi"	"โคโซะ ซูชิ"	"Kozo Sushi"	"2016-04-16 00:40:46"	1	45
928	"Pan Pan"	"ปัน ปัน"	"Pan Pan"	"2016-04-16 00:50:01"	1	5
929	"B's Sweet"	"บีส์สวีท"	"B's Sweet"	"2016-04-16 00:57:38"	1	14
930	"Momiji Grill & Shabu"	"โมมิจิ กิว แอนด์ ชาบู"	"Momiji Grill & Shabu"	"2016-04-17 01:53:07"	1	43
932	"สปันจ์"	"สปันจ์"	"Sponge Bakery"	"2016-04-18 00:55:49"	1	24
933	"ลาบซอดแจ้ง"	"ลาบซอดแจ้ง"	""	"2016-04-18 01:06:51"	1	34
934	"Gyunoya"	""	"Gyunoya"	"2016-04-18 01:11:32"	1	36
935	"FRESHY FREEZE"	"เฟรชชี่ ฟรีซ"	"FRESHY FREEZE"	"2016-04-18 01:20:56"	1	25
936	"ลำพู"	"ลำพู"	"LAMPHU"	"2016-04-18 01:32:21"	1	29
937	"ลลลล ลำลำลับแล"	"ลลลล ลำลำลับแล"	"Lumlumlublae"	"2016-04-18 01:35:12"	1	30
938	"The Square"	"เดอะสแควร์"	"The Square"	"2016-04-18 01:38:34"	1	26
939	"Farm to Table"	"ฟาร์ม ทู เทเบิ้ล"	"Farm to Table"	"2016-04-18 10:31:47"	1	39
940	"ทิพวรรณ"	"ทิพวรรณ"	"Tipawan Restaurant"	"2016-04-18 11:30:27"	1	7
941	"Nai Hua Plus Roti Chachuk"	"นายหัวพลัส โรตี-ชาชัก"	"Nai-Hua Plus Roti Chachuk"	"2016-04-18 11:53:25"	1	23
943	"ต้นกก"	"ต้นกก"	"Ton Kok"	"2016-04-18 12:21:08"	1	24
944	"พระราม 9 ไก่ย่าง"	"Praram 9 kaiyang"	"พระราม 9 ไก่ย่าง"	"2016-04-18 13:22:53"	1	34
945	"เคี้ยงเยาวราช"	"เคี้ยงเยาวราช"	""	"2016-04-18 13:30:12"	1	36
946	"Radna Yodphak 40 years"	"ราดหน้ายอดผัก สูตร 40 ปี "	"Radna Yodphak 40 years"	"2016-04-18 14:02:38"	1	36
948	"U SUP PHOCHANA"	"ยูซุปโภชนา (ราชาข้าวหมก) "	"U SUP PHOCHANA"	"2016-04-18 14:32:41"	1	40
949	"Miss Cake"	"มิสเค้ก"	"Miss Cake"	"2016-04-18 14:39:33"	1	24
950	"เซี๊ยะก๋วยเตี๋ยวเป็ด"	"เซี๊ยะก๋วยเตี๋ยวเป็ด"	"Siah Duck Noodle"	"2016-04-18 14:54:27"	1	30
951	"Kuang Heng"	"ก่วงเฮง"	"Kuang Heng"	"2016-04-18 15:17:49"	1	36
953	"โอเดียนบะหมี่เกี๊ยว"	"โอเดียนบะหมี่เกี๊ยว"	"Odean Noodle"	"2016-04-18 15:45:53"	1	30
954	"Basilico"	""	"Basilico"	"2016-04-18 15:59:38"	1	5
955	"Rleaw noodle"	"ราดหน้าอาหลิว"	"R-Leaw Noodle"	"2016-04-18 16:47:41"	1	36
956	"Ruan Mae Louise"	"เรือนแม่หลุยส์"	"Ruan Mae Louise"	"2016-04-18 17:08:51"	1	49
957	"Lee's Noodle "	"บะหมี่คนแซ่ลี"	"Lee's Noodle "	"2016-04-19 01:31:29"	1	30
958	"Mandarin Roast Duck Restaurant"	"แมนดารินเป็ดย่าง"	"Mandarin Roast Duck Restaurant"	"2016-04-19 01:57:48"	1	4
959	"TO PET YANG"	"โตเป็ดย่าง"	"TO PET YANG"	"2016-04-19 02:32:43"	1	36
960	"OSHA"	""	"OSHA"	"2016-04-19 03:15:27"	1	3
961	"เม้งโภชนา"	"เม้งโภชนา"	""	"2016-04-19 10:30:10"	1	30
963	"Capri"	"คาปรี"	"Capri"	"2016-04-19 12:57:33"	1	5
964	"ข้าวมันไก่ซั่งไห่"	"ข้าวมันไก่ซั่งไห่"	""	"2016-04-19 14:12:27"	1	36
965	"ก๋วยเตี๋ยวไก่ราชวัตร"	"ก๋วยเตี๋ยวไก่ราชวัตร"	""	"2016-04-19 15:21:38"	1	30
966	"Royal Kitchen"	"โรยัล คิทเช่น"	"Royal Kitchen"	"2016-04-19 15:23:14"	1	4
967	"เป็ดย่างรสเด็ด"	"เป็ดย่างรสเด็ด"	"Ped Yang Rod Ded"	"2016-04-19 16:02:16"	1	4
968	"โกปี๊เฮี้ยะไถ่กี่"	"โกปี๊เฮี้ยะไถ่กี่"	"Kopi Hya Tai Kee"	"2016-04-19 16:55:38"	1	19
969	"หลายรส"	"หลายรส"	"Lai Rod"	"2016-04-19 17:28:20"	1	3
970	"บะหมี่ตงเล้ง"	"บะหมี่ตงเล้ง"	""	"2016-04-19 18:16:39"	1	30
971	"ลูกไก่ทอง"	"ลูกไก่ทอง"	"LukKai Thong Royal Cooking"	"2016-04-19 18:53:38"	1	4
972	"ญีญวนครัวเวียดนาม"	"ญีญวนครัวเวียดนาม"	"Yeeyuan Vietnamese Cuisine"	"2016-04-19 19:10:58"	1	7
973	"ย่งหลี"	"ย่งหลี"	"Yong Li"	"2016-04-19 19:36:30"	1	4
974	"Kianguan Mahachai Seafood "	"เกียง้วย"	"Kianguan Mahachai Seafood "	"2016-04-20 11:15:52"	1	29
975	"Aroi Ocha Rod"	"อร่อยโอชารส"	"Aroi Ocha Rod"	"2016-04-20 11:39:02"	1	36
977	"สวนกาลเวลา"	"สวนกาลเวลา"	"Suan Kanwela"	"2016-04-24 23:27:40"	1	3
978	"สวนอาหารสมพงศ์"	"สวนอาหารสมพงศ์"	"Sompong Seafood"	"2016-04-24 23:31:33"	1	29
979	"ไอดินกลิ่นครก"	"ไอดินกลิ่นครก"	"I Din Klin Krok"	"2016-04-24 23:41:33"	1	34
980	"KUMA YAKINIKU"	"คุมะ ยากินิกุ"	"KUMA YAKINIKU"	"2016-04-24 23:46:41"	1	43
981	"อร่อยติ่มซำ"	"อร่อยติ่มซำ"	"Aroi Dimsum"	"2016-04-24 23:52:19"	1	4
983	"สวนกุหลาบ"	"สวนกุหลาบ"	"Suankularb"	"2016-04-25 00:00:07"	1	3
984	"Cheesecake House"	"ชีสเค้กเฮ้าส์"	"Cheesecake House"	"2016-04-25 00:09:32"	1	24
986	"Gyunobi"	"กิวโนบิ"	"Gyunobi"	"2016-04-25 01:16:39"	1	43
987	"ลาบไก่บ้านโฮ่ง (ลูกสาว)"	"ลาบไก่บ้านโฮ่ง (ลูกสาว)"	"LAP KAI BAN HONG RESTAURANT (LUK SAO)"	"2016-04-25 01:32:29"	1	44
988	"Mille Crêpe"	"ไมล์ เครป"	"Mille Crêpe"	"2016-04-25 01:36:37"	1	24
989	"Sukiya"	"สุคิยะ"	"Sukiya"	"2016-04-25 01:53:11"	1	2
990	"แหนมเนืองลับแล"	"แหนมเนืองลับแล"	"Nam Nuang Lab Lae"	"2016-04-25 02:03:37"	1	7
991	"Seoul Grill"	"โซลกิลล์"	"Seoul Grill"	"2016-04-26 12:22:46"	1	43
992	"ไก่ทอดเจ๊กี"	"ไก่ทอดเจ๊กี"	""	"2016-04-26 13:37:58"	1	34
993	"Tohkai Yakiniku "	"ไตโก"	"Tohkai Yakiniku "	"2016-04-26 16:19:36"	1	43
995	"ดู๋ดี๋สยาม"	"ดู๋ดี๋สยาม"	"DooDee Siam"	"2016-04-28 12:13:51"	1	30
996	"ไอติมละมุน"	"ไอติมละมุน"	"Itim Lamoon"	"2016-05-02 00:54:32"	1	25
997	"แสงทอง"	"แสงทอง"	"SangThong"	"2016-05-02 01:11:16"	1	36
998	"Latest Recipe"	"เลเทส เรซิพี"	"Latest Recipe"	"2016-05-02 01:27:40"	1	26
999	"หยวนสเต็ก"	"หยวนสเต็ก"	"Yuan Steak"	"2016-05-02 01:37:45"	1	35
1001	"วิมานมะพร้าว 2504"	"วิมานมะพร้าว 2504"	"Wimanmapraw 2504"	"2016-05-02 02:03:25"	1	14
1002	"Brew Beers & Ciders"	"บิวเบียร์ แอน ไซเดอร์"	"Brew Beers & Ciders"	"2016-05-02 02:07:16"	1	15
1003	"สวนร่มไม้"	"สวนร่มไม้"	"Suan Rom Mai"	"2016-05-02 02:43:20"	1	34
1004	"Tokusen"	"โทคุเซ็น"	"Tokusen"	"2016-05-02 02:47:08"	1	43
1005	"ศรีสุวรรณโภชนา"	"ศรีสุวรรณโภชนา"	"Sri Suwan Restaurant"	"2016-05-02 02:51:09"	1	3
1006	"หอยทอดชาวเล"	"หอยทอดชาวเล"	"Hoi Tod Chaw-Lae"	"2016-05-02 02:56:48"	1	36
1009	"BELLEZZA SPA"	"เบเลสซ่าสปา"	"BELLEZZA SPA"	"2016-05-04 10:05:21"	2	1202
1011	"Bake Cheese Tart"	"เบคชีสทาร์ต"	"Bake Cheese Tart"	"2016-05-06 20:49:18"	1	23
1012	"Tenjo Sushi & Yakiniku Premium Buffet "	"เท็นโจ ซูชิ&ยากินิกุ พรีเมี่ยมบุฟเฟ่ต์"	"Tenjo Sushi & Yakiniku Premium Buffet "	"2016-05-08 22:56:15"	1	11
1013	"Nippon Tei"	"นิปปอน เทอิ"	"Nippon Tei"	"2016-05-08 23:22:01"	1	2
1014	"White Cafe"	"ไวท์ คาเฟ่"	"White Cafe"	"2016-05-08 23:26:56"	1	3
1015	"อาอี๋เนื้อย่างเกาหลี"	"อาอี๋เนื้อย่างเกาหลี"	"A I KOREAN BARBEQUE"	"2016-05-08 23:36:47"	1	43
1016	"Shabu King"	"ชาบู คิง"	"Shabu King"	"2016-05-08 23:44:52"	1	43
1019	"SWEET ESCAPE"	"สวีท เอสเคป"	"SWEET ESCAPE"	"2016-05-09 00:06:52"	1	25
1020	"เลือดหมูคุณศรี"	"เลือดหมูคุณศรี"	"Luedmoo Khunsri"	"2016-05-09 00:37:31"	1	36
1021	"หอยทอดเจ๊ฮวย"	"หอยทอดเจ๊ฮวย"	"Hoi Tod Je Huay"	"2016-05-09 00:43:00"	1	36
1022	"Gustoso International Buffet"	"กุสโตโซ่"	"Gustoso International Buffet"	"2016-05-09 00:48:59"	1	11
1023	"doze cafe"	"โด๊ซ คาเฟ่"	"doze cafe"	"2016-05-10 15:35:56"	1	3
1024	"ฉ่อยเป็ดย่าง"	"ฉ่อยเป็ดย่าง"	"Choi Pet Yang"	"2016-05-10 21:42:09"	1	30
1025	"kuppadeli"	"คัปป้าเดลิ"	"kuppadeli"	"2016-05-12 16:21:46"	1	33
1026	"Piri-Piri Flaming Chicken"	"พิริ-พิริ เฟรมมิ่ง ชิคเค้น"	"Piri-Piri Flaming Chicken"	"2016-05-13 19:27:35"	1	8
1027	"แสนอร่อยโภชนา"	"แสนอร่อยโภชนา"	"SAEN AROI PHOCHANA"	"2016-05-13 19:38:46"	1	4
1029	"สุนีย์ปลาคัง"	"สุนีย์ปลาคัง"	"Sunee Pla Kang"	"2016-05-13 20:06:18"	1	3
1031	"COOKIES CRUST"	"คุกกี้ ครัสท์"	"COOKIES CRUST"	"2016-05-13 20:18:09"	1	23
1033	"หยู่อี่เจ"	"หยู่อี่เจ"	"Ru Yi Vegetarian"	"2016-05-13 21:01:07"	1	39
1034	"I am thai pasta"	"ไอแอมไทยพาสต้า "	"I am thai pasta"	"2016-05-16 16:28:17"	1	5
1035	" 7Spa"	"เซเว่นสปา"	" 7 Spa "	"2016-05-18 10:18:32"	2	300
1039	"T24"	"ทีทเวนตี้โฟร์"	"T24"	"2016-05-20 10:49:05"	1	33
1041	"สามวันสองคืน"	"สามวันสองคืน"	"SAM WAN SONG KHUEN"	"2016-05-22 01:36:17"	1	15
1042	"The Ninth Cafe"	"เดอะนายท์ คาเฟ่"	"The Ninth Cafe"	"2016-05-22 01:45:44"	1	33
1043	"Sireena Italian Restaurant"	"ร้านอาหารอิตาเลี่ยนสิรีนา"	"Sireena Italian Restaurant"	"2016-05-22 02:24:33"	1	5
1044	"Nanjya Monjya"	"นันจา โมนจา"	"Nanjya Monjya"	"2016-05-22 23:26:22"	1	2
1045	"หว่องหมิ่น"	"หว่องหมิ่น"	"WONG MIN"	"2016-05-22 23:30:35"	1	4
1047	"A-Roi-Jung TeRiYaKi"	"อร่อยจัง-เทอริยากิ"	"A-Roi-Jung TeRiYaKi"	"2016-05-22 23:51:35"	1	2
1048	"Cafe G"	"คาเฟ่ จี"	"Cafe G"	"2016-05-22 23:56:52"	1	26
1050	"Pomodoro"	"โพโมโดโร"	"Pomodoro"	"2016-05-23 00:30:25"	1	5
1051	"โจโฉ ก๋วยเตี๋ยวหมูตำลึง  "	"โจโฉ ก๋วยเตี๋ยวหมูตำลึง  "	"Jo Cho Noodle"	"2016-05-24 16:33:39"	1	30
1052	"รวยแซ่บ ก๋วยเตี๋ยวต้มยำไข่หวาน"	"รวยแซ่บ ก๋วยเตี๋ยวต้มยำไข่หวาน"	"Ruai zabb tom yam kai wan"	"2016-05-25 14:46:08"	1	30
1053	"ลุกโภชนา"	"ลุกโภชนา"	"LUK PHOCHANA"	"2016-05-30 00:50:34"	1	3
1054	"หลังรามเมี่ยงปลาเผา"	"หลังรามเมี่ยงปลาเผา"	""	"2016-05-30 01:48:46"	1	34
1055	"โรตีกู"	"โรตีกู"	"Roti Koo"	"2016-05-30 02:03:16"	1	23
1056	"สามชัยกาแฟ"	"สามชัยกาแฟ"	"SAMCHAI COFFEE"	"2016-05-30 02:09:53"	1	19
1057	"ส้มตำจินดา"	"ส้มตำจินดา"	"Somtum Jinda"	"2016-05-30 02:13:25"	1	34
1058	"Limoncello"	""	"Limoncello"	"2016-05-30 11:51:52"	1	5
1062	"shangrila"	""	"shangrila"	"2016-05-30 23:20:21"	1	4
1063	"Le Dalat"	""	"Le Dalat"	"2016-05-30 23:34:44"	1	7
1065	"Plearnwan Panich"	""	"Plearnwan Panich"	"2016-05-30 23:42:31"	1	14
1066	"You Cuisine"	""	"You Cuisine"	"2016-05-30 23:55:59"	1	20
1067	"Salang Tokpoki"	""	"Salang Tokpoki"	"2016-05-30 23:58:55"	1	6
1068	"Kayha"	"คะหยา"	"Kayha"	"2016-06-02 15:15:24"	1	14
1069	"Aiko"	""	"Aiko"	"2016-06-03 11:35:51"	1	2
1070	"ching cha charlee"	"ชิงช้าชาลี"	"ching cha charlee"	"2016-06-03 13:01:50"	1	3
1071	"สุกี้ดารา"	"สุกี้ดารา"	"sukiyaki star"	"2016-06-06 00:40:33"	1	20
1072	"Yum & Tum"	"ยำ แอนด์ ตำ"	"Yum & Tum"	"2016-06-06 01:17:11"	1	34
1073	"Flann O'Brien's Irish Pub"	""	"Flann O'Brien's Irish Pub"	"2016-06-06 01:33:01"	1	15
1074	"Segafredo Zanetti Espresso"	"เซกาเฟรโด ซาเนตติ เอสเปรสโซ่"	"Segafredo Zanetti Espresso"	"2016-06-06 01:43:16"	1	14
1075	"Hanakaruta 花かるた"	"ฮานาคารูตะ"	"Hanakaruta 花かるた"	"2016-06-06 01:53:28"	1	2
1076	"ลาบโคราช"	"ลาบโคราช"	"Larb Korat"	"2016-06-06 02:07:24"	1	34
1078	"ลุงโฮ"	"ลุงโฮ"	"Lung Ho"	"2016-06-06 11:34:17"	1	20
1079	"สุกี้รสเยี่ยม"	"สุกี้รสเยี่ยม"	"SUKI ROT YIAM RESTAURANT"	"2016-06-06 11:39:54"	1	20
1080	"ศิลาคอฟฟี่"	"ศิลาคอฟฟี่"	"Sila Coffee"	"2016-06-06 11:43:47"	1	14
1081	"เล่นเส้น"	"เล่นเส้น"	"lenzen"	"2016-06-06 12:03:05"	1	30
1082	"เล้ง เย็นตาโฟ"	"เล้ง เย็นตาโฟ"	"Leng Yentafo"	"2016-06-06 12:25:40"	1	30
1083	"แหนมเนืองคุณอ้อ"	"แหนมเนืองคุณอ้อ"	"Nam Nuang Khun Aor"	"2016-06-06 12:28:40"	1	7
1084	"kabocha sushi"	""	"kabocha sushi"	"2016-06-09 14:42:47"	1	45
1085	"Gokfayuen"	"ก๊กฟ๊าหยุน"	"Gokfayuen"	"2016-06-09 17:31:58"	1	30
1086	"Mad About Juice"	"แมดอะเบาท์จู๊ซส์"	"Mad About Juice"	"2016-06-09 17:44:58"	1	21
1088	"Audrey "	""	"Audrey"	"2016-06-10 18:19:48"	1	3
1089	"Risa Lamo"	"ริซ่า ลาโม่"	"Risa Lamo"	"2016-06-13 12:22:54"	1	14
1090	"Le Boulanger"	"เลอ บูลองเช่"	"Le Boulanger"	"2016-06-13 12:29:04"	1	24
1091	"อาซ้อ หูฉลาม"	"อาซ้อ หูฉลาม"	"Arsor Sharkfin"	"2016-06-13 12:47:54"	1	4
1092	"อารีรัง"	"อารีรัง"	"Arirang Korean Restaurant"	"2016-06-13 12:53:33"	1	6
1093	"เลยดานัง"	"เลยดานัง"	"Loei danang"	"2016-06-13 12:56:58"	1	7
1096	"สถานีบ้านชา"	"สถานีบ้านชา"	"SATHANI BAN CHA"	"2016-06-13 13:19:22"	1	23
1097	"ไสกี่โภชนา"	"ไสกี่โภชนา"	"Sai Ki Phochana"	"2016-06-13 13:30:47"	1	36
1098	"Bombay Blues"	"บอมเบย์ บลู"	"Bombay Blues"	"2016-06-13 13:32:42"	1	16
1100	"Nikko Cafe"	"นิกโกะ คาเฟ่"	"Nikko Cafe"	"2016-06-13 15:03:37"	1	14
1101	"Vistakitchen"	"วิสต้าคิทเช่น"	"Vistakitchen"	"2016-06-16 12:24:31"	1	33
1102	"PAPA SHABU FARM"	"ปาป้า ชาบู"	"PAPA SHABU FARM"	"2016-06-20 10:33:37"	1	20
1108	"Duc de Praslin Belgium"	"ดุ๊ค เดอพราแลงเบลเยี่ยม"	"Duc de Praslin Belgium"	"2016-06-20 13:14:59"	1	24
1109	"Oldies Cafe"	"โอลดี้ คาเฟ่"	"Oldies Cafe"	"2016-06-20 14:00:29"	1	3
1110	"หรรษา"	"หรรษา"	"hansa"	"2016-06-20 14:05:44"	1	15
1111	"Easy Ribs & Wings"	""	"Easy Ribs & Wings"	"2016-06-27 11:33:56"	1	43
1112	"ลูกชิ้นปลานายฉุ่ย"	"ลูกชิ้นปลานายฉุ่ย"	"Chui Noodle"	"2016-06-27 12:19:07"	1	30
1115	"Royal India"	"โรยัล อินเดีย"	"Royal India"	"2016-06-27 12:48:29"	1	10
1117	"สมนึกไก่ย่าง"	"สมนึกไก่ย่าง"	"Somnuek Kaiyang"	"2016-06-27 13:06:06"	1	34
1120	"Pot Ministry"	"พอท มินิสทรี"	"Pot Ministry"	"2016-07-05 11:56:40"	1	3
1121	"Hotto Bun"	"ฮอตโตะ บัน"	"Hotto Bun"	"2016-07-05 15:11:30"	1	13
1122	"Harajuku Cafe Crepes"	"ฮาราจุกุ คาเฟ่ เครป"	"Harajuku Cafe Crepes"	"2016-07-06 13:32:19"	1	23
1127	"Sushi House	"	"ซูซิ เฮาส์"	"Sushi House	"	"2016-07-06 14:48:07"	1	45
1128	"Hippopotamus Restaurant Grill Thailand"	"ฮิปโปโปเตมัส"	"Hippopotamus Restaurant Grill Thailand"	"2016-07-06 15:03:44"	1	35
1129	"Boost Juice Bars"	"บูสท์จูซบาร์"	"Boost Juice Bars"	"2016-07-06 15:27:14"	1	23
1131	"Morgen by EZ’S"	"มอร์เก้น"	"Morgen"	"2016-07-06 15:46:17"	1	35
1132	"Buta Shabu"	"บูตะ ชาบุ"	"Buta Shabu"	"2016-07-06 15:50:09"	1	20
1133	"Deerato"	"เดียร์ราโต้"	"Deerato"	"2016-07-06 15:55:35"	1	23
1134	"Stick House"	"สติ๊กเฮาส์"	"Stick House"	"2016-07-06 15:59:47"	1	25
1135	"Savoey Restaurant"	"เสวย"	"Savoey Restaurant"	"2016-07-06 16:11:12"	1	3
1136	"Coffee Rio"	"คอฟฟี่ ริโอ "	"Coffee Rio"	"2016-07-06 16:37:15"	1	14
1137	"Eat Pot"	"อีสพอร์ท"	"Eat Pot"	"2016-07-06 16:41:46"	1	20
1138	"Signature Steak Loft"	"ซิกเนเจอร์สเต็กลอฟท์"	"Signature Steak Loft"	"2016-07-06 16:53:06"	1	33
1140	"Mj's Zaika"	""	"Mj's Zaika"	"2016-07-06 17:18:43"	1	10
1141	"Ajisen Ramen"	"อาจิเซนราเมน"	"Ajisen Ramen"	"2016-07-06 17:22:14"	1	50
1144	"SweetaholiC"	""	"SweetaholiC"	"2016-07-06 17:48:39"	1	23
1145	"Love Toast"	"เลิฟ โทส"	"Love Toast"	"2016-07-06 17:53:21"	1	23
1146	"Mitasu Grill"	"มิตาซึ กริลล์"	"Mitasu Grill"	"2016-07-06 17:57:27"	1	43
1147	"Hungry Bear Pancake"	"ฮังกรี้แบร์"	"Hungry Bear"	"2016-07-06 17:59:25"	1	23
1148	"thanks-cup"	""	"thanks-cup"	"2016-07-06 18:08:36"	1	21
1149	"The Orchard Restaurant"	"ดิ ออร์ชาด เรสเตอรองท์"	"The Orchard Restaurant"	"2016-07-07 10:33:54"	1	11
1150	"Owlvee Soft"	"อาวล์วี่ซอฟท์"	"Owlvee Soft"	"2016-07-07 10:58:30"	1	23
1151	"Sweetheart Steakhouse"	" สวีตฮาร์ท สเต็กเฮาส์"	"Sweetheart Steakhouse"	"2016-07-07 11:11:00"	1	35
1152	"ก๋วยเตี๋ยวกั้งบ้านเพ"	"ก๋วยเตี๋ยวกั้งบ้านเพ"	""	"2016-07-07 11:14:11"	1	30
1153	"Shabu Samurai"	"ชาบู ซามูไร"	"Shabu Samurai"	"2016-07-07 11:27:39"	1	20
1155	"Blue Elephant"	"บลู เอเลเฟ่นท์"	"Blue Elephant"	"2016-07-07 11:54:24"	1	3
1157	"Yellow Spoon Pastry"	""	"Yellow Spoon Pastry"	"2016-07-07 12:41:15"	1	23
1158	"Sulbing"	"ซอลบิง"	"Sulbing"	"2016-07-07 12:42:59"	1	23
1159	"Preecha Seafood"	"ปรีชาซีฟู้ด"	"Preecha Seafood"	"2016-07-07 12:53:31"	1	29
1160	"ONCE Cafe"	""	"ONCE Cafe"	"2016-07-07 12:54:56"	1	8
1161	"Food Republic"	"ฟู้ด รีพับลิค"	"Food Republic"	"2016-07-07 13:53:56"	1	33
1162	"kimju budaejjigae"	"คิมจู บูเดชิเก"	"kimju budaejjigae"	"2016-07-07 14:04:14"	1	6
1163	"I-seki"	""	"I-seki"	"2016-07-07 14:25:32"	1	23
1165	"ปาปาย่า ป๊อก ป๊อก"	"ปาปาย่า ป๊อก ป๊อก"	"Papaya Pok Pok By Huaplachongnonsea"	"2016-07-07 14:41:22"	1	34
1166	"Bulgogi Brothers"	"บูลโกกิ บราเธอร์"	"Bulgogi Brothers"	"2016-07-07 15:19:53"	1	6
1168	"GELATO44c"	"เจลาโต้44องศา"	"GELATO44c"	"2016-07-07 16:07:33"	1	23
1169	"SalangTokpokki "	"ซารัง ต๊อกปกกี่"	"SalangTokpokki "	"2016-07-07 16:23:30"	1	6
1170	"LoongYai "	"ลุงใหญ่มินิ"	"Loongyai mini"	"2016-07-07 17:10:02"	1	35
1172	"Dressed Thailand"	""	"Dressed Thailand"	"2016-07-07 21:06:46"	1	39
1173	"Hokkaido Softkream"	"ฮอกไกโด ซอฟท์ครีม"	"Hokkaido Softkream"	"2016-07-08 11:59:07"	1	23
1174	"Paichaoclinic"	"ไป๋เฉ่า"	"Paichaoclinic"	"2016-07-08 16:32:43"	2	308
1178	"ลุงปั่นปลาเผา"	"ลุงปั่นปลาเผา"	"Lung Pan Pla Phao"	"2016-07-11 13:29:57"	1	3
1180	"Guu Fusion Roti & Tea"	"กู โรตีและชาชัก"	"Guu Fusion Roti & Tea"	"2016-07-11 13:47:41"	1	23
1181	"miyatake"	"มิยาทาเกะ"	"miyatake"	"2016-07-11 13:56:51"	1	2
1184	"นัดมาแซ่บ"	"นัดมาแซ่บ"	"naddmazabb"	"2016-07-15 12:08:20"	1	34
1185	"ho-MU Soft Cream"	"โฮ-มุ ซอฟครีม"	"ho-MU Soft Cream"	"2016-07-18 02:11:53"	1	23
1187	"N&B Pancake"	"เอ็นแอนด์บี แพนเค้ก"	"N&B Pancake"	"2016-07-18 12:01:57"	1	23
1190	"meemee shabu"	"มีมี่ ชาบู"	"meemee shabu"	"2016-07-22 17:40:41"	1	20
1192	"Sri Brown Cafe"	"ศรี บราวน์ คาเฟ่"	"Sri Brown Cafe'"	"2016-07-26 16:26:31"	1	14
1193	"Kin No Buta"	""	""	"2016-07-26 17:47:01"	1	20
1194	"ไก่ย่างระเบียบเขาสวนกวาง"	""	"Kai Yang Rabeab Khao Suan Kwang"	"2016-07-27 13:17:29"	1	34
1195	" สว่าง บะหมี่เกี๊ยวกุ้งก้ามปู"	""	""	"2016-07-27 15:00:02"	1	30
1196	"Dose Espresso Thailand"	"โดสเอสเพรสโซ ไทยแลนด์"	"Dose Espresso Thailand"	"2016-07-27 15:01:47"	1	14
1197	"ทับทิมกรอบ 3 หนุ่ม"	"ทับทิมกรอบ 3 หนุ่ม"	"Tubtim Krob 3 Noom"	"2016-07-27 15:10:21"	1	23
1198	"Coffee Der La"	"คอฟฟี่ เด้อ หล่า"	"Coffee Der La"	"2016-07-27 15:19:17"	1	14
1199	"Soodkhed Steak"	"สุดเขต สเต็ก"	"Soodkhed Steak"	"2016-07-27 16:00:46"	1	35
1201	"Sweet Garden"	"สวีทการ์เด้น"	"Sweet Garden"	"2016-07-27 16:24:00"	1	24
1204	"ตะวันแดง มหาซน"	"ตะวันแดง มหาซน"	"Tawandang"	"2016-07-27 18:14:34"	1	16
